date,pm25
2024-03-02,44.0
2024-03-03,29.0
2024-02-02,35.0
2024-02-03,48.0
2024-02-04,14.0
2024-02-05,18.0
2024-02-06,45.0
2024-02-07,66.0
2024-02-08,66.0
2024-02-09,71.0
2024-02-10,39.0
2024-02-11,40.0
2024-02-12,23.0
2024-02-13,29.0
2024-02-14,15.0
2024-02-15,22.0
2024-02-16,53.0
2024-02-17,33.0
2024-02-18,31.0
2024-02-19,29.0
2024-02-20,43.0
2024-02-21,52.0
2024-02-22,49.0
2024-02-23,32.0
2024-02-24,10.0
2024-02-25,13.0
2024-02-26,14.0
2024-02-27,17.0
2024-02-28,25.0
2024-02-29,48.0
2024-03-01,17.0
2024-01-02,35.0
2024-01-03,61.0
2024-01-04,79.0
2024-01-05,61.0
2024-01-06,37.0
2024-01-07,63.0
2024-01-08,51.0
2024-01-09,62.0
2024-01-10,60.0
2024-01-11,41.0
2024-01-12,25.0
2024-01-13,43.0
2024-01-14,55.0
2024-01-15,80.0
2024-01-16,51.0
2024-01-17,28.0
2024-01-18,50.0
2024-01-19,94.0
2024-01-20,77.0
2024-01-21,103.0
2024-01-22,137.0
2024-01-23,104.0
2024-01-24,79.0
2024-01-25,60.0
2024-01-26,22.0
2024-01-27,44.0
2024-01-28,34.0
2024-01-29,52.0
2024-01-30,57.0
2024-01-31,29.0
2024-02-01,37.0
2023-10-02,39.0
2023-10-03,25.0
2023-10-04,21.0
2023-10-05,15.0
2023-10-06,19.0
2023-10-07,27.0
2023-10-08,21.0
2023-10-09,28.0
2023-10-10,44.0
2023-10-11,35.0
2023-10-12,19.0
2023-10-13,26.0
2023-10-14,36.0
2023-10-15,31.0
2023-10-16,21.0
2023-10-17,42.0
2023-10-18,11.0
2023-10-19,16.0
2023-10-20,23.0
2023-10-21,24.0
2023-10-22,26.0
2023-10-23,28.0
2023-10-24,27.0
2023-10-25,19.0
2023-10-26,47.0
2023-10-27,33.0
2023-10-28,17.0
2023-10-29,14.0
2023-10-30,36.0
2023-10-31,45.0
2023-11-01,64.0
2023-11-02,91.0
2023-11-03,65.0
2023-11-04,88.0
2023-11-05,74.0
2023-11-06,34.0
2023-11-07,52.0
2023-11-08,41.0
2023-11-09,41.0
2023-11-10,54.0
2023-11-11,38.0
2023-11-12,15.0
2023-11-13,19.0
2023-11-14,27.0
2023-11-15,35.0
2023-11-16,44.0
2023-11-17,52.0
2023-11-18,24.0
2023-11-19,46.0
2023-11-20,33.0
2023-11-21,33.0
2023-11-22,49.0
2023-11-23,48.0
2023-11-24,52.0
2023-11-25,43.0
2023-11-26,21.0
2023-11-27,32.0
2023-11-28,36.0
2023-11-29,35.0
2023-11-30,26.0
2023-12-01,42.0
2023-12-02,66.0
2023-12-03,35.0
2023-12-04,27.0
2023-12-05,30.0
2023-12-06,39.0
2023-12-07,33.0
2023-12-08,27.0
2023-12-09,52.0
2023-12-10,42.0
2023-12-11,10.0
2023-12-12,29.0
2023-12-13,46.0
2023-12-14,92.0
2023-12-15,37.0
2023-12-16,63.0
2023-12-17,37.0
2023-12-18,33.0
2023-12-19,53.0
2023-12-20,66.0
2023-12-21,63.0
2023-12-22,48.0
2023-12-23,49.0
2023-12-24,18.0
2023-12-25,48.0
2023-12-26,70.0
2023-12-27,33.0
2023-12-28,60.0
2023-12-29,38.0
2023-12-30,57.0
2023-12-31,72.0
2024-01-01,36.0
2023-07-02,36.0
2023-07-03,15.0
2023-07-04,38.0
2023-07-05,36.0
2023-07-06,33.0
2023-07-07,60.0
2023-07-08,52.0
2023-07-09,54.0
2023-07-10,72.0
2023-07-11,119.0
2023-07-12,57.0
2023-07-13,59.0
2023-07-14,135.0
2023-07-15,121.0
2023-07-16,137.0
2023-07-17,126.0
2023-07-18,105.0
2023-07-19,28.0
2023-07-20,60.0
2023-07-21,63.0
2023-07-22,56.0
2023-07-23,44.0
2023-07-24,87.0
2023-07-25,65.0
2023-07-26,52.0
2023-07-27,18.0
2023-07-28,18.0
2023-07-29,18.0
2023-07-30,20.0
2023-07-31,35.0
2023-08-01,39.0
2023-08-02,50.0
2023-08-03,45.0
2023-08-04,66.0
2023-08-05,59.0
2023-08-06,49.0
2023-08-07,59.0
2023-08-08,61.0
2023-08-09,81.0
2023-08-10,62.0
2023-08-11,28.0
2023-08-12,18.0
2023-08-13,21.0
2023-08-14,24.0
2023-08-15,33.0
2023-08-16,55.0
2023-08-17,77.0
2023-08-18,114.0
2023-08-19,63.0
2023-08-20,52.0
2023-08-21,97.0
2023-08-22,63.0
2023-08-23,41.0
2023-08-24,44.0
2023-08-25,61.0
2023-08-26,62.0
2023-08-27,60.0
2023-08-28,68.0
2023-08-29,74.0
2023-08-30,72.0
2023-08-31,74.0
2023-09-01,104.0
2023-09-02,75.0
2023-09-03,41.0
2023-09-04,123.0
2023-09-05,194.0
2023-09-06,144.0
2023-09-07,59.0
2023-09-08,34.0
2023-09-09,41.0
2023-09-10,42.0
2023-09-11,37.0
2023-09-12,43.0
2023-09-13,37.0
2023-09-14,33.0
2023-09-15,37.0
2023-09-16,55.0
2023-09-17,42.0
2023-09-18,59.0
2023-09-19,72.0
2023-09-20,37.0
2023-09-21,23.0
2023-09-22,48.0
2023-09-23,59.0
2023-09-24,35.0
2023-09-25,37.0
2023-09-26,48.0
2023-09-27,31.0
2023-09-28,15.0
2023-09-29,14.0
2023-09-30,19.0
2023-10-01,64.0
2023-04-02,11.0
2023-04-03,7.0
2023-04-04,35.0
2023-04-05,44.0
2023-04-06,30.0
2023-04-07,45.0
2023-04-08,27.0
2023-04-09,11.0
2023-04-10,12.0
2023-04-11,11.0
2023-04-12,14.0
2023-04-13,23.0
2023-04-14,29.0
2023-04-15,31.0
2023-04-16,28.0
2023-04-17,22.0
2023-04-18,25.0
2023-04-19,29.0
2023-04-20,20.0
2023-04-21,22.0
2023-04-22,30.0
2023-04-23,24.0
2023-04-24,18.0
2023-04-25,21.0
2023-04-26,24.0
2023-04-27,27.0
2023-04-28,10.0
2023-04-29,30.0
2023-04-30,35.0
2023-05-01,27.0
2023-05-02,46.0
2023-05-03,52.0
2023-05-04,55.0
2023-05-05,42.0
2023-05-06,32.0
2023-05-07,29.0
2023-05-08,25.0
2023-05-09,27.0
2023-05-10,34.0
2023-05-11,37.0
2023-05-12,32.0
2023-05-13,23.0
2023-05-14,42.0
2023-05-15,38.0
2023-05-16,91.0
2023-05-17,176.0
2023-05-18,193.0
2023-05-19,99.0
2023-05-20,83.0
2023-05-21,171.0
2023-05-22,97.0
2023-05-23,98.0
2023-05-24,8.0
2023-05-25,25.0
2023-05-26,62.0
2023-05-27,77.0
2023-05-28,56.0
2023-05-29,33.0
2023-05-30,31.0
2023-05-31,63.0
2023-06-01,70.0
2023-06-02,27.0
2023-06-03,42.0
2023-06-04,72.0
2023-06-05,56.0
2023-06-06,52.0
2023-06-07,49.0
2023-06-08,60.0
2023-06-09,54.0
2023-06-10,67.0
2023-06-11,49.0
2023-06-12,99.0
2023-06-13,60.0
2023-06-14,52.0
2023-06-15,24.0
2023-06-16,129.0
2023-06-17,82.0
2023-06-18,18.0
2023-06-19,11.0
2023-06-20,6.0
2023-06-21,13.0
2023-06-22,22.0
2023-06-23,18.0
2023-06-24,29.0
2023-06-25,21.0
2023-06-26,33.0
2023-06-27,32.0
2023-06-28,42.0
2023-06-29,49.0
2023-06-30,43.0
2023-07-01,46.0
2023-01-03,39.0
2023-01-04,57.0
2023-01-05,17.0
2023-01-06,46.0
2023-01-07,28.0
2023-01-08,54.0
2023-01-09,50.0
2023-01-10,41.0
2023-01-11,51.0
2023-01-12,61.0
2023-01-13,80.0
2023-01-14,56.0
2023-01-15,43.0
2023-01-16,81.0
2023-01-17,59.0
2023-01-18,44.0
2023-01-19,68.0
2023-01-20,22.0
2023-01-21,20.0
2023-01-22,22.0
2023-01-23,8.0
2023-01-24,18.0
2023-01-25,15.0
2023-01-26,15.0
2023-01-27,15.0
2023-01-28,8.0
2023-01-29,9.0
2023-01-30,16.0
2023-01-31,17.0
2023-02-01,46.0
2023-02-02,47.0
2023-02-03,43.0
2023-02-04,39.0
2023-02-05,13.0
2023-02-06,36.0
2023-02-07,19.0
2023-02-08,25.0
2023-02-09,21.0
2023-02-10,38.0
2023-02-11,24.0
2023-02-12,14.0
2023-02-13,12.0
2023-02-14,9.0
2023-02-15,21.0
2023-02-16,39.0
2023-02-17,33.0
2023-02-18,13.0
2023-02-19,13.0
2023-02-20,10.0
2023-02-21,35.0
2023-02-22,4.0
2023-02-23,16.0
2023-02-24,24.0
2023-02-25,52.0
2023-02-26,69.0
2023-02-27,53.0
2023-02-28,45.0
2023-03-01,73.0
2023-03-02,54.0
2023-03-03,5.0
2023-03-04,6.0
2023-03-05,24.0
2023-03-06,24.0
2023-03-07,33.0
2023-03-08,54.0
2023-03-09,35.0
2023-03-10,37.0
2023-03-11,59.0
2023-03-12,43.0
2023-03-13,66.0
2023-03-14,89.0
2023-03-15,33.0
2023-03-16,33.0
2023-03-17,19.0
2023-03-18,44.0
2023-03-19,53.0
2023-03-20,59.0
2023-03-21,72.0
2023-03-22,48.0
2023-03-23,62.0
2023-03-24,36.0
2023-03-25,56.0
2023-03-26,60.0
2023-03-27,22.0
2023-03-28,29.0
2023-03-29,31.0
2023-03-30,48.0
2023-03-31,48.0
2023-04-01,32.0
2022-10-02,47.0
2022-10-03,44.0
2022-10-04,48.0
2022-10-05,43.0
2022-10-06,57.0
2022-10-07,38.0
2022-10-08,51.0
2022-10-09,53.0
2022-10-10,52.0
2022-10-11,46.0
2022-10-12,16.0
2022-10-13,13.0
2022-10-14,34.0
2022-10-15,26.0
2022-10-16,44.0
2022-10-17,40.0
2022-10-18,54.0
2022-10-19,58.0
2022-10-20,68.0
2022-10-21,35.0
2022-10-22,23.0
2022-10-23,24.0
2022-10-24,29.0
2022-10-25,35.0
2022-10-26,24.0
2022-10-27,30.0
2022-10-28,15.0
2022-10-29,21.0
2022-10-30,38.0
2022-10-31,19.0
2022-11-01,15.0
2022-11-02,13.0
2022-11-03,18.0
2022-11-04,33.0
2022-11-05,44.0
2022-11-06,40.0
2022-11-07,17.0
2022-11-08,2.0
2022-11-09,8.0
2022-11-10,57.0
2022-11-11,52.0
2022-11-12,46.0
2022-11-13,31.0
2022-11-14,29.0
2022-11-15,23.0
2022-11-16,21.0
2022-11-17,22.0
2022-11-18,17.0
2022-11-19,15.0
2022-11-20,25.0
2022-11-21,37.0
2022-11-22,29.0
2022-11-23,34.0
2022-11-24,10.0
2022-11-25,28.0
2022-11-26,6.0
2022-11-27,10.0
2022-11-28,2.0
2022-11-29,11.0
2022-11-30,10.0
2022-12-01,25.0
2022-12-02,20.0
2022-12-03,52.0
2022-12-04,41.0
2022-12-05,10.0
2022-12-06,18.0
2022-12-07,17.0
2022-12-08,30.0
2022-12-09,53.0
2022-12-10,46.0
2022-12-11,41.0
2022-12-12,60.0
2022-12-13,89.0
2022-12-14,48.0
2022-12-15,21.0
2022-12-16,23.0
2022-12-17,31.0
2022-12-18,15.0
2022-12-19,20.0
2022-12-20,18.0
2022-12-21,41.0
2022-12-22,23.0
2022-12-23,28.0
2022-12-24,28.0
2022-12-25,73.0
2022-12-26,43.0
2022-12-27,47.0
2022-12-28,28.0
2022-12-29,64.0
2022-12-30,76.0
2022-12-31,61.0
2023-01-01,44.0
2023-01-02,53.0
2022-07-02,49.0
2022-07-03,36.0
2022-07-04,22.0
2022-07-05,27.0
2022-07-06,8.0
2022-07-07,33.0
2022-07-08,22.0
2022-07-09,21.0
2022-07-10,17.0
2022-07-11,11.0
2022-07-12,18.0
2022-07-13,29.0
2022-07-14,17.0
2022-07-15,30.0
2022-07-16,32.0
2022-07-17,43.0
2022-07-18,25.0
2022-07-19,24.0
2022-07-20,22.0
2022-07-21,12.0
2022-07-22,32.0
2022-07-23,29.0
2022-07-24,28.0
2022-07-25,39.0
2022-07-26,33.0
2022-07-27,28.0
2022-07-28,36.0
2022-07-29,35.0
2022-07-30,44.0
2022-07-31,32.0
2022-08-01,42.0
2022-08-02,51.0
2022-08-03,6.0
2022-08-04,40.0
2022-08-05,35.0
2022-08-06,7.0
2022-08-07,22.0
2022-08-08,16.0
2022-08-09,35.0
2022-08-10,39.0
2022-08-11,50.0
2022-08-12,45.0
2022-08-13,105.0
2022-08-14,374.0
2022-08-15,17.0
2022-08-16,35.0
2022-08-17,51.0
2022-08-18,27.0
2022-08-19,48.0
2022-08-20,50.0
2022-08-21,57.0
2022-08-22,41.0
2022-08-23,57.0
2022-08-24,34.0
2022-08-25,45.0
2022-08-26,49.0
2022-08-27,41.0
2022-08-28,30.0
2022-08-29,13.0
2022-08-30,19.0
2022-08-31,26.0
2022-09-01,32.0
2022-09-02,51.0
2022-09-03,41.0
2022-09-04,98.0
2022-09-05,100.0
2022-09-06,51.0
2022-09-07,43.0
2022-09-08,50.0
2022-09-09,15.0
2022-09-10,20.0
2022-09-11,93.0
2022-09-12,95.0
2022-09-13,68.0
2022-09-14,79.0
2022-09-15,72.0
2022-09-16,68.0
2022-09-17,50.0
2022-09-18,21.0
2022-09-19,28.0
2022-09-20,19.0
2022-09-21,21.0
2022-09-22,34.0
2022-09-23,38.0
2022-09-24,34.0
2022-09-25,23.0
2022-09-26,28.0
2022-09-27,42.0
2022-09-28,52.0
2022-09-29,50.0
2022-09-30,60.0
2022-10-01,55.0
2022-04-02,18.0
2022-04-03,17.0
2022-04-04,23.0
2022-04-05,12.0
2022-04-06,4.0
2022-04-07,7.0
2022-04-08,34.0
2022-04-09,36.0
2022-04-10,3.0
2022-04-11,2.0
2022-04-12,5.0
2022-04-13,11.0
2022-04-14,14.0
2022-04-15,28.0
2022-04-16,27.0
2022-04-17,23.0
2022-04-18,28.0
2022-04-19,21.0
2022-04-20,17.0
2022-04-21,26.0
2022-04-22,20.0
2022-04-23,42.0
2022-04-24,27.0
2022-04-25,19.0
2022-04-26,34.0
2022-04-27,33.0
2022-04-28,12.0
2022-04-29,22.0
2022-04-30,22.0
2022-05-01,30.0
2022-05-02,26.0
2022-05-03,24.0
2022-05-04,33.0
2022-05-05,30.0
2022-05-06,33.0
2022-05-07,15.0
2022-05-08,13.0
2022-05-09,11.0
2022-05-10,17.0
2022-05-11,32.0
2022-05-12,23.0
2022-05-13,29.0
2022-05-14,28.0
2022-05-15,12.0
2022-05-16,15.0
2022-05-17,12.0
2022-05-18,14.0
2022-05-19,18.0
2022-05-20,7.0
2022-05-21,13.0
2022-05-22,19.0
2022-05-23,26.0
2022-05-24,23.0
2022-05-25,16.0
2022-05-26,17.0
2022-05-27,27.0
2022-05-28,21.0
2022-05-29,10.0
2022-05-30,13.0
2022-05-31,15.0
2022-06-01,22.0
2022-06-02,35.0
2022-06-03,41.0
2022-06-04,38.0
2022-06-05,29.0
2022-06-06,23.0
2022-06-07,26.0
2022-06-08,19.0
2022-06-09,19.0
2022-06-10,13.0
2022-06-11,8.0
2022-06-12,12.0
2022-06-13,23.0
2022-06-14,23.0
2022-06-15,5.0
2022-06-16,34.0
2022-06-17,33.0
2022-06-18,38.0
2022-06-19,35.0
2022-06-20,14.0
2022-06-21,14.0
2022-06-22,18.0
2022-06-23,21.0
2022-06-24,16.0
2022-06-25,19.0
2022-06-26,19.0
2022-06-27,22.0
2022-06-28,45.0
2022-06-29,43.0
2022-06-30,9.0
2022-07-01,40.0
2022-01-04,37.0
2022-01-05,14.0
2022-01-06,29.0
2022-01-07,57.0
2022-01-08,65.0
2022-01-09,67.0
2022-01-10,89.0
2022-01-11,51.0
2022-01-12,21.0
2022-01-13,21.0
2022-01-14,46.0
2022-01-15,32.0
2022-01-16,11.0
2022-01-17,31.0
2022-01-18,17.0
2022-01-19,20.0
2022-01-20,36.0
2022-01-21,38.0
2022-01-22,31.0
2022-01-23,25.0
2022-01-24,14.0
2022-01-25,9.0
2022-01-26,19.0
2022-01-27,10.0
2022-01-28,25.0
2022-01-29,20.0
2022-01-30,31.0
2022-01-31,23.0
2022-02-01,16.0
2022-02-02,10.0
2022-02-03,35.0
2022-02-04,31.0
2022-02-05,35.0
2022-02-06,10.0
2022-02-07,16.0
2022-02-08,18.0
2022-02-09,17.0
2022-02-10,15.0
2022-02-11,10.0
2022-02-12,12.0
2022-02-13,19.0
2022-02-14,12.0
2022-02-15,23.0
2022-02-16,30.0
2022-02-17,18.0
2022-02-18,16.0
2022-02-19,15.0
2022-02-20,7.0
2022-02-21,11.0
2022-02-22,24.0
2022-02-23,39.0
2022-02-24,59.0
2022-02-25,10.0
2022-02-26,22.0
2022-02-27,24.0
2022-02-28,13.0
2022-03-01,42.0
2022-03-02,74.0
2022-03-03,49.0
2022-03-04,30.0
2022-03-05,28.0
2022-03-06,41.0
2022-03-07,15.0
2022-03-08,13.0
2022-03-09,8.0
2022-03-10,12.0
2022-03-11,18.0
2022-03-12,36.0
2022-03-13,10.0
2022-03-14,18.0
2022-03-15,29.0
2022-03-16,16.0
2022-03-17,9.0
2022-03-18,22.0
2022-03-19,17.0
2022-03-20,26.0
2022-03-21,9.0
2022-03-22,14.0
2022-03-23,21.0
2022-03-24,36.0
2022-03-25,6.0
2022-03-26,22.0
2022-03-27,16.0
2022-03-28,34.0
2022-03-29,30.0
2022-03-30,14.0
2022-03-31,32.0
2022-04-01,3.0
2021-10-02,16.0
2021-10-03,23.0
2021-10-04,23.0
2021-10-05,35.0
2021-10-06,39.0
2021-10-07,110.0
2021-10-08,76.0
2021-10-09,22.0
2021-10-10,24.0
2021-10-11,16.0
2021-10-12,18.0
2021-10-13,24.0
2021-10-14,16.0
2021-10-15,25.0
2021-10-16,20.0
2021-10-17,24.0
2021-10-18,34.0
2021-10-19,34.0
2021-10-20,28.0
2021-10-21,30.0
2021-10-22,17.0
2021-10-23,35.0
2021-10-24,16.0
2021-10-25,18.0
2021-10-26,16.0
2021-10-27,14.0
2021-10-28,8.0
2021-10-29,27.0
2021-10-30,10.0
2021-10-31,14.0
2021-11-01,28.0
2021-11-02,35.0
2021-11-03,33.0
2021-11-04,31.0
2021-11-05,25.0
2021-11-06,19.0
2021-11-07,19.0
2021-11-08,18.0
2021-11-09,10.0
2021-11-10,31.0
2021-11-11,5.0
2021-11-12,18.0
2021-11-13,24.0
2021-11-14,11.0
2021-11-15,21.0
2021-11-16,17.0
2021-11-17,8.0
2021-11-18,29.0
2021-11-19,18.0
2021-11-20,39.0
2021-11-21,20.0
2021-11-22,14.0
2021-11-23,26.0
2021-11-24,20.0
2021-11-25,36.0
2021-11-26,17.0
2021-11-27,24.0
2021-11-28,29.0
2021-11-29,24.0
2021-11-30,18.0
2021-12-01,46.0
2021-12-02,13.0
2021-12-03,21.0
2021-12-04,31.0
2021-12-05,30.0
2021-12-06,28.0
2021-12-07,20.0
2021-12-08,32.0
2021-12-09,14.0
2021-12-10,21.0
2021-12-11,27.0
2021-12-12,9.0
2021-12-13,12.0
2021-12-14,45.0
2021-12-15,28.0
2021-12-16,63.0
2021-12-17,56.0
2021-12-18,53.0
2021-12-19,42.0
2021-12-20,13.0
2021-12-21,32.0
2021-12-22,49.0
2021-12-23,55.0
2021-12-24,31.0
2021-12-25,17.0
2021-12-26,8.0
2021-12-27,21.0
2021-12-28,45.0
2021-12-29,27.0
2021-12-30,24.0
2021-12-31,28.0
2022-01-01,45.0
2022-01-02,38.0
2022-01-03,19.0
2021-07-02,23.0
2021-07-03,41.0
2021-07-04,41.0
2021-07-05,42.0
2021-07-06,29.0
2021-07-07,34.0
2021-07-08,44.0
2021-07-09,34.0
2021-07-10,55.0
2021-07-11,49.0
2021-07-12,37.0
2021-07-13,38.0
2021-07-14,43.0
2021-07-15,87.0
2021-07-16,124.0
2021-07-17,125.0
2021-07-18,89.0
2021-07-19,198.0
2021-07-20,146.0
2021-07-21,65.0
2021-07-22,55.0
2021-07-23,80.0
2021-07-24,96.0
2021-07-25,106.0
2021-07-26,76.0
2021-07-27,50.0
2021-07-28,63.0
2021-07-29,53.0
2021-07-30,120.0
2021-07-31,84.0
2021-08-01,83.0
2021-08-02,93.0
2021-08-03,86.0
2021-08-04,101.0
2021-08-05,89.0
2021-08-06,76.0
2021-08-07,100.0
2021-08-08,41.0
2021-08-09,11.0
2021-08-10,27.0
2021-08-11,26.0
2021-08-12,16.0
2021-08-13,30.0
2021-08-14,53.0
2021-08-15,112.0
2021-08-16,140.0
2021-08-17,110.0
2021-08-18,18.0
2021-08-19,23.0
2021-08-20,31.0
2021-08-21,17.0
2021-08-22,20.0
2021-08-23,25.0
2021-08-24,8.0
2021-08-25,14.0
2021-08-26,28.0
2021-08-27,34.0
2021-08-28,43.0
2021-08-29,21.0
2021-08-30,23.0
2021-08-31,34.0
2021-09-01,33.0
2021-09-02,8.0
2021-09-03,6.0
2021-09-04,18.0
2021-09-05,31.0
2021-09-06,50.0
2021-09-07,18.0
2021-09-08,28.0
2021-09-09,59.0
2021-09-10,65.0
2021-09-11,20.0
2021-09-12,18.0
2021-09-13,29.0
2021-09-14,20.0
2021-09-15,27.0
2021-09-16,13.0
2021-09-17,7.0
2021-09-18,22.0
2021-09-19,21.0
2021-09-20,10.0
2021-09-21,16.0
2021-09-22,21.0
2021-09-23,27.0
2021-09-24,23.0
2021-09-25,28.0
2021-09-26,22.0
2021-09-27,45.0
2021-09-28,25.0
2021-09-29,10.0
2021-09-30,20.0
2021-10-01,21.0
2021-04-02,40.0
2021-04-03,23.0
2021-04-04,26.0
2021-04-05,34.0
2021-04-06,21.0
2021-04-07,35.0
2021-04-08,38.0
2021-04-09,6.0
2021-04-10,16.0
2021-04-11,9.0
2021-04-12,5.0
2021-04-13,20.0
2021-04-14,33.0
2021-04-15,21.0
2021-04-16,27.0
2021-04-17,31.0
2021-04-18,29.0
2021-04-19,22.0
2021-04-20,6.0
2021-04-21,25.0
2021-04-22,21.0
2021-04-23,6.0
2021-04-24,24.0
2021-04-25,26.0
2021-04-26,24.0
2021-04-27,26.0
2021-04-28,37.0
2021-04-29,19.0
2021-04-30,23.0
2021-05-01,22.0
2021-05-02,14.0
2021-05-03,5.0
2021-05-04,18.0
2021-05-05,11.0
2021-05-06,9.0
2021-05-07,28.0
2021-05-08,21.0
2021-05-09,3.0
2021-05-10,31.0
2021-05-11,25.0
2021-05-12,11.0
2021-05-13,18.0
2021-05-14,20.0
2021-05-15,20.0
2021-05-16,22.0
2021-05-17,19.0
2021-05-18,34.0
2021-05-19,23.0
2021-05-20,7.0
2021-05-21,24.0
2021-05-22,21.0
2021-05-23,35.0
2021-05-24,18.0
2021-05-25,7.0
2021-05-26,23.0
2021-05-27,32.0
2021-05-28,22.0
2021-05-29,7.0
2021-05-30,9.0
2021-05-31,17.0
2021-06-01,19.0
2021-06-02,24.0
2021-06-03,32.0
2021-06-04,43.0
2021-06-05,34.0
2021-06-06,28.0
2021-06-07,6.0
2021-06-08,5.0
2021-06-09,14.0
2021-06-10,30.0
2021-06-11,17.0
2021-06-12,11.0
2021-06-13,17.0
2021-06-14,26.0
2021-06-15,26.0
2021-06-16,49.0
2021-06-17,17.0
2021-06-18,24.0
2021-06-19,34.0
2021-06-20,31.0
2021-06-21,19.0
2021-06-22,27.0
2021-06-23,27.0
2021-06-24,29.0
2021-06-25,28.0
2021-06-26,40.0
2021-06-27,9.0
2021-06-28,36.0
2021-06-29,41.0
2021-06-30,45.0
2021-07-01,34.0
2021-01-05,27.0
2021-01-06,30.0
2021-01-07,35.0
2021-01-08,41.0
2021-01-09,54.0
2021-01-10,34.0
2021-01-11,18.0
2021-01-12,17.0
2021-01-13,28.0
2021-01-14,4.0
2021-01-15,9.0
2021-01-16,10.0
2021-01-17,16.0
2021-01-18,22.0
2021-01-19,12.0
2021-01-20,20.0
2021-01-21,11.0
2021-01-22,18.0
2021-01-23,29.0
2021-01-24,24.0
2021-01-25,20.0
2021-01-26,24.0
2021-01-27,36.0
2021-01-28,37.0
2021-01-29,57.0
2021-01-30,73.0
2021-01-31,49.0
2021-02-01,44.0
2021-02-02,47.0
2021-02-03,88.0
2021-02-04,45.0
2021-02-05,35.0
2021-02-06,36.0
2021-02-07,18.0
2021-02-08,49.0
2021-02-09,59.0
2021-02-10,46.0
2021-02-11,39.0
2021-02-12,28.0
2021-02-13,20.0
2021-02-14,38.0
2021-02-15,27.0
2021-02-16,36.0
2021-02-17,88.0
2021-02-18,23.0
2021-02-19,43.0
2021-02-20,17.0
2021-02-21,5.0
2021-02-22,6.0
2021-02-23,9.0
2021-02-24,14.0
2021-02-25,20.0
2021-02-26,10.0
2021-02-27,12.0
2021-02-28,36.0
2021-03-01,14.0
2021-03-02,15.0
2021-03-03,37.0
2021-03-04,38.0
2021-03-05,47.0
2021-03-06,45.0
2021-03-07,27.0
2021-03-08,25.0
2021-03-09,14.0
2021-03-10,43.0
2021-03-11,22.0
2021-03-12,39.0
2021-03-13,31.0
2021-03-14,32.0
2021-03-15,29.0
2021-03-16,23.0
2021-03-17,34.0
2021-03-18,39.0
2021-03-19,37.0
2021-03-20,16.0
2021-03-21,9.0
2021-03-22,10.0
2021-03-23,9.0
2021-03-24,23.0
2021-03-25,15.0
2021-03-26,30.0
2021-03-27,37.0
2021-03-28,19.0
2021-03-29,7.0
2021-03-30,3.0
2021-03-31,8.0
2021-04-01,24.0
2020-10-02,48.0
2020-10-03,39.0
2020-10-04,53.0
2020-10-05,49.0
2020-10-06,27.0
2020-10-07,23.0
2020-10-08,31.0
2020-10-09,30.0
2020-10-10,30.0
2020-10-11,18.0
2020-10-12,2.0
2020-10-13,10.0
2020-10-14,12.0
2020-10-15,11.0
2020-10-16,13.0
2020-10-17,15.0
2020-10-18,5.0
2020-10-19,17.0
2020-10-20,31.0
2020-10-21,27.0
2020-10-22,26.0
2020-10-23,15.0
2020-10-24,27.0
2020-10-25,26.0
2020-10-26,35.0
2020-10-27,46.0
2020-10-28,11.0
2020-10-29,20.0
2020-10-30,27.0
2020-10-31,16.0
2020-11-01,10.0
2020-11-02,25.0
2020-11-03,38.0
2020-11-04,35.0
2020-11-05,19.0
2020-11-06,11.0
2020-11-07,23.0
2020-11-08,14.0
2020-11-09,4.0
2020-11-10,27.0
2020-11-11,12.0
2020-11-12,19.0
2020-11-13,48.0
2020-11-14,37.0
2020-11-15,17.0
2020-11-16,22.0
2020-11-17,46.0
2020-11-18,41.0
2020-11-19,48.0
2020-11-20,34.0
2020-11-21,47.0
2020-11-22,27.0
2020-11-23,55.0
2020-11-24,33.0
2020-11-25,55.0
2020-11-26,15.0
2020-11-27,15.0
2020-11-28,37.0
2020-11-29,18.0
2020-11-30,42.0
2020-12-01,34.0
2020-12-02,17.0
2020-12-03,36.0
2020-12-04,39.0
2020-12-05,42.0
2020-12-06,42.0
2020-12-07,26.0
2020-12-08,31.0
2020-12-09,35.0
2020-12-10,17.0
2020-12-11,18.0
2020-12-12,47.0
2020-12-13,12.0
2020-12-14,16.0
2020-12-15,48.0
2020-12-16,27.0
2020-12-17,26.0
2020-12-18,36.0
2020-12-19,44.0
2020-12-20,13.0
2020-12-21,3.0
2020-12-22,19.0
2020-12-23,11.0
2020-12-24,22.0
2020-12-25,17.0
2020-12-26,27.0
2020-12-27,46.0
2020-12-28,65.0
2020-12-29,30.0
2020-12-30,33.0
2020-12-31,29.0
2021-01-01,56.0
2021-01-02,51.0
2021-01-03,18.0
2021-01-04,10.0
2020-07-02,2.0
2020-07-03,3.0
2020-07-04,28.0
2020-07-05,25.0
2020-07-06,16.0
2020-07-07,17.0
2020-07-08,32.0
2020-07-09,14.0
2020-07-10,23.0
2020-07-11,10.0
2020-07-12,28.0
2020-07-13,15.0
2020-07-14,10.0
2020-07-15,13.0
2020-07-16,26.0
2020-07-17,25.0
2020-07-18,11.0
2020-07-19,17.0
2020-07-20,19.0
2020-07-21,16.0
2020-07-22,36.0
2020-07-23,36.0
2020-07-24,39.0
2020-07-25,24.0
2020-07-26,5.0
2020-07-27,21.0
2020-07-28,34.0
2020-07-29,41.0
2020-07-30,49.0
2020-07-31,42.0
2020-08-01,46.0
2020-08-02,35.0
2020-08-03,31.0
2020-08-04,32.0
2020-08-05,21.0
2020-08-06,40.0
2020-08-07,35.0
2020-08-08,7.0
2020-08-09,8.0
2020-08-10,6.0
2020-08-11,22.0
2020-08-12,36.0
2020-08-13,26.0
2020-08-14,25.0
2020-08-15,25.0
2020-08-16,26.0
2020-08-17,29.0
2020-08-18,36.0
2020-08-19,36.0
2020-08-20,31.0
2020-08-21,42.0
2020-08-22,40.0
2020-08-23,19.0
2020-08-24,28.0
2020-08-25,39.0
2020-08-26,18.0
2020-08-27,26.0
2020-08-28,19.0
2020-08-29,42.0
2020-08-30,25.0
2020-08-31,6.0
2020-09-01,9.0
2020-09-02,7.0
2020-09-03,9.0
2020-09-04,15.0
2020-09-05,33.0
2020-09-06,39.0
2020-09-07,9.0
2020-09-08,8.0
2020-09-09,10.0
2020-09-10,20.0
2020-09-11,36.0
2020-09-12,29.0
2020-09-13,15.0
2020-09-14,19.0
2020-09-15,36.0
2020-09-16,54.0
2020-09-17,68.0
2020-09-18,80.0
2020-09-19,102.0
2020-09-20,114.0
2020-09-21,65.0
2020-09-22,28.0
2020-09-23,23.0
2020-09-24,40.0
2020-09-25,14.0
2020-09-26,12.0
2020-09-27,7.0
2020-09-28,7.0
2020-09-29,19.0
2020-09-30,18.0
2020-10-01,29.0
2020-04-02,15.0
2020-04-03,31.0
2020-04-04,23.0
2020-04-05,35.0
2020-04-06,33.0
2020-04-07,36.0
2020-04-08,24.0
2020-04-09,11.0
2020-04-10,32.0
2020-04-11,17.0
2020-04-12,12.0
2020-04-13,12.0
2020-04-14,22.0
2020-04-15,13.0
2020-04-16,19.0
2020-04-17,20.0
2020-04-18,13.0
2020-04-19,13.0
2020-04-20,18.0
2020-04-21,11.0
2020-04-22,21.0
2020-04-23,24.0
2020-04-24,12.0
2020-04-25,19.0
2020-04-26,20.0
2020-04-27,15.0
2020-04-28,20.0
2020-04-29,12.0
2020-04-30,18.0
2020-05-01,23.0
2020-05-02,17.0
2020-05-03,18.0
2020-05-04,28.0
2020-05-05,5.0
2020-05-06,20.0
2020-05-07,19.0
2020-05-08,20.0
2020-05-09,11.0
2020-05-10,14.0
2020-05-11,15.0
2020-05-12,17.0
2020-05-13,24.0
2020-05-14,36.0
2020-05-15,30.0
2020-05-16,26.0
2020-05-17,22.0
2020-05-18,18.0
2020-05-19,24.0
2020-05-20,23.0
2020-05-21,40.0
2020-05-22,10.0
2020-05-23,2.0
2020-05-24,12.0
2020-05-25,11.0
2020-05-26,12.0
2020-05-27,9.0
2020-05-28,16.0
2020-05-29,22.0
2020-05-30,23.0
2020-05-31,24.0
2020-06-01,16.0
2020-06-02,10.0
2020-06-03,16.0
2020-06-04,8.0
2020-06-05,11.0
2020-06-06,24.0
2020-06-07,25.0
2020-06-08,4.0
2020-06-09,6.0
2020-06-10,7.0
2020-06-11,6.0
2020-06-12,15.0
2020-06-13,26.0
2020-06-14,25.0
2020-06-15,14.0
2020-06-16,4.0
2020-06-17,6.0
2020-06-18,14.0
2020-06-19,20.0
2020-06-20,25.0
2020-06-21,33.0
2020-06-22,22.0
2020-06-23,23.0
2020-06-24,38.0
2020-06-25,21.0
2020-06-26,13.0
2020-06-27,27.0
2020-06-28,11.0
2020-06-29,10.0
2020-06-30,25.0
2020-07-01,26.0
2020-01-02,22.0
2020-01-03,15.0
2020-01-04,29.0
2020-01-05,15.0
2020-01-06,25.0
2020-01-07,13.0
2020-01-08,45.0
2020-01-09,42.0
2020-01-10,24.0
2020-01-11,60.0
2020-01-12,63.0
2020-01-13,23.0
2020-01-14,24.0
2020-01-15,43.0
2020-01-16,54.0
2020-01-17,32.0
2020-01-18,57.0
2020-01-19,74.0
2020-01-20,79.0
2020-01-21,49.0
2020-01-22,41.0
2020-01-23,21.0
2020-01-24,40.0
2020-01-25,19.0
2020-01-26,8.0
2020-01-27,35.0
2020-01-28,30.0
2020-01-29,42.0
2020-01-30,33.0
2020-01-31,30.0
2020-02-01,30.0
2020-02-02,6.0
2020-02-03,14.0
2020-02-04,21.0
2020-02-05,34.0
2020-02-06,16.0
2020-02-07,16.0
2020-02-08,20.0
2020-02-09,25.0
2020-02-10,15.0
2020-02-11,17.0
2020-02-12,14.0
2020-02-13,32.0
2020-02-14,48.0
2020-02-15,39.0
2020-02-16,29.0
2020-02-17,15.0
2020-02-18,38.0
2020-02-19,46.0
2020-02-20,52.0
2020-02-21,31.0
2020-02-22,26.0
2020-02-23,25.0
2020-02-24,39.0
2020-02-25,20.0
2020-02-26,62.0
2020-02-27,22.0
2020-02-28,11.0
2020-02-29,24.0
2020-03-01,10.0
2020-03-02,12.0
2020-03-03,12.0
2020-03-04,19.0
2020-03-05,9.0
2020-03-06,27.0
2020-03-07,43.0
2020-03-08,20.0
2020-03-09,42.0
2020-03-10,29.0
2020-03-11,28.0
2020-03-12,14.0
2020-03-13,15.0
2020-03-14,11.0
2020-03-15,20.0
2020-03-16,25.0
2020-03-17,40.0
2020-03-18,35.0
2020-03-19,55.0
2020-03-20,41.0
2020-03-21,62.0
2020-03-22,35.0
2020-03-23,26.0
2020-03-24,50.0
2020-03-25,20.0
2020-03-26,23.0
2020-03-27,24.0
2020-03-28,18.0
2020-03-29,26.0
2019-10-02,40.0
2019-10-03,42.0
2019-10-04,49.0
2019-10-05,21.0
2019-10-06,9.0
2019-10-07,17.0
2019-10-08,26.0
2019-10-09,5.0
2019-10-10,9.0
2019-10-11,36.0
2019-10-12,42.0
2019-10-13,48.0
2019-10-14,40.0
2019-10-15,28.0
2019-10-16,33.0
2019-10-17,19.0
2019-10-18,26.0
2019-10-19,27.0
2019-10-20,14.0
2019-10-21,16.0
2019-10-22,19.0
2019-10-23,24.0
2019-10-24,16.0
2019-10-25,21.0
2019-10-26,21.0
2019-10-27,8.0
2019-10-28,7.0
2019-10-29,2.0
2019-10-30,17.0
2019-10-31,27.0
2019-11-01,15.0
2019-11-02,21.0
2019-11-03,28.0
2019-11-04,14.0
2019-11-05,25.0
2019-11-06,12.0
2019-11-07,31.0
2019-11-08,46.0
2019-11-09,22.0
2019-11-10,24.0
2019-11-11,7.0
2019-11-12,28.0
2019-11-13,23.0
2019-11-14,21.0
2019-11-15,28.0
2019-12-09,36.0
2019-12-15,45.0
2019-12-16,26.0
2019-12-17,21.0
2019-12-18,20.0
2019-12-19,20.0
2019-12-20,47.0
2019-12-21,26.0
2019-12-22,51.0
2019-12-23,16.0
2019-12-24,40.0
2019-12-25,38.0
2019-12-26,28.0
2019-12-27,19.0
2019-12-28,6.0
2019-12-29,15.0
2019-12-30,21.0
2019-07-02,21.0
2019-07-03,13.0
2019-07-04,18.0
2019-07-05,14.0
2019-07-06,23.0
2019-07-07,28.0
2019-07-08,30.0
2019-07-09,17.0
2019-07-10,31.0
2019-07-11,31.0
2019-07-12,34.0
2019-07-13,21.0
2019-07-14,30.0
2019-07-15,22.0
2019-07-16,25.0
2019-07-17,16.0
2019-07-18,15.0
2019-07-19,8.0
2019-07-20,6.0
2019-07-21,28.0
2019-07-22,25.0
2019-07-23,33.0
2019-07-24,35.0
2019-07-25,9.0
2019-07-26,13.0
2019-07-27,26.0
2019-07-28,32.0
2019-07-29,5.0
2019-07-30,19.0
2019-07-31,30.0
2019-08-01,38.0
2019-08-02,42.0
2019-08-03,35.0
2019-08-04,32.0
2019-08-05,23.0
2019-08-06,36.0
2019-08-07,18.0
2019-08-08,37.0
2019-08-09,32.0
2019-08-10,29.0
2019-08-11,18.0
2019-08-12,28.0
2019-08-13,14.0
2019-08-14,18.0
2019-08-15,23.0
2019-08-16,23.0
2019-08-17,10.0
2019-08-18,3.0
2019-08-19,9.0
2019-08-20,18.0
2019-08-21,32.0
2019-08-22,38.0
2019-08-23,23.0
2019-08-24,25.0
2019-08-25,16.0
2019-08-26,7.0
2019-08-27,14.0
2019-08-28,27.0
2019-08-29,21.0
2019-08-30,18.0
2019-08-31,18.0
2019-09-01,30.0
2019-09-02,30.0
2019-09-03,17.0
2019-09-04,28.0
2019-09-05,29.0
2019-09-06,24.0
2019-09-07,33.0
2019-09-08,30.0
2019-09-09,29.0
2019-09-10,19.0
2019-09-11,7.0
2019-09-12,15.0
2019-09-13,22.0
2019-09-14,8.0
2019-09-20,19.0
2019-09-21,12.0
2019-09-22,19.0
2019-09-23,16.0
2019-09-24,12.0
2019-09-25,12.0
2019-09-26,12.0
2019-09-27,14.0
2019-09-28,14.0
2019-09-29,17.0
2019-09-30,6.0
2019-10-01,15.0
2019-04-02,17.0
2019-04-03,27.0
2019-04-04,37.0
2019-04-05,33.0
2019-04-06,36.0
2019-04-07,21.0
2019-04-08,5.0
2019-04-09,10.0
2019-04-10,24.0
2019-04-11,27.0
2019-04-12,26.0
2019-04-13,35.0
2019-04-14,12.0
2019-04-15,8.0
2019-04-16,14.0
2019-04-17,17.0
2019-04-18,28.0
2019-04-19,23.0
2019-04-20,11.0
2019-04-21,14.0
2019-04-22,24.0
2019-04-23,22.0
2019-04-24,22.0
2019-04-25,19.0
2019-04-26,27.0
2019-04-27,27.0
2019-04-28,18.0
2019-04-29,13.0
2019-04-30,21.0
2019-05-01,15.0
2019-05-02,17.0
2019-05-03,27.0
2019-05-04,19.0
2019-05-05,14.0
2019-05-06,20.0
2019-05-07,35.0
2019-05-08,29.0
2019-05-09,24.0
2019-05-10,18.0
2019-05-11,18.0
2019-05-12,32.0
2019-05-13,31.0
2019-05-14,33.0
2019-05-15,37.0
2019-05-16,24.0
2019-05-17,21.0
2019-05-18,21.0
2019-05-19,12.0
2019-05-20,22.0
2019-05-21,22.0
2019-05-22,22.0
2019-05-23,27.0
2019-05-24,34.0
2019-05-25,21.0
2019-05-26,38.0
2019-05-27,44.0
2019-05-28,41.0
2019-05-29,43.0
2019-05-30,72.0
2019-05-31,88.0
2019-06-01,244.0
2019-06-02,50.0
2019-06-03,44.0
2019-06-04,42.0
2019-06-05,21.0
2019-06-06,29.0
2019-06-07,17.0
2019-06-08,7.0
2019-06-09,13.0
2019-06-10,7.0
2019-06-11,14.0
2019-06-12,12.0
2019-06-13,23.0
2019-06-14,28.0
2019-06-15,23.0
2019-06-16,15.0
2019-06-17,17.0
2019-06-18,28.0
2019-06-19,14.0
2019-06-20,10.0
2019-06-21,7.0
2019-06-22,26.0
2019-06-23,34.0
2019-06-24,20.0
2019-06-25,10.0
2019-06-26,10.0
2019-06-27,21.0
2019-06-28,27.0
2019-06-29,8.0
2019-06-30,10.0
2019-07-01,18.0
2019-01-02,20.0
2019-01-03,16.0
2019-01-04,32.0
2019-01-05,30.0
2019-01-06,60.0
2019-01-07,46.0
2019-01-08,44.0
2019-01-09,25.0
2019-01-10,26.0
2019-01-11,64.0
2019-01-12,69.0
2019-01-13,34.0
2019-01-14,26.0
2019-01-15,30.0
2019-01-16,49.0
2019-01-17,46.0
2019-01-18,19.0
2019-01-19,18.0
2019-01-20,40.0
2019-01-21,35.0
2019-01-22,27.0
2019-01-23,14.0
2019-01-24,21.0
2019-01-25,32.0
2019-01-26,26.0
2019-01-27,23.0
2019-01-28,6.0
2019-01-29,11.0
2019-01-30,45.0
2019-01-31,45.0
2019-02-01,44.0
2019-02-02,41.0
2019-02-03,27.0
2019-02-04,14.0
2019-02-05,21.0
2019-02-06,50.0
2019-02-07,70.0
2019-02-08,60.0
2019-02-09,39.0
2019-02-10,27.0
2019-02-11,40.0
2019-02-12,56.0
2019-02-13,64.0
2019-02-14,57.0
2019-02-15,68.0
2019-02-16,58.0
2019-02-17,43.0
2019-02-18,35.0
2019-02-19,56.0
2019-02-20,28.0
2019-02-21,16.0
2019-02-22,26.0
2019-02-23,35.0
2019-02-24,16.0
2019-02-25,13.0
2019-02-26,69.0
2019-02-27,48.0
2019-02-28,38.0
2019-03-01,33.0
2019-03-02,30.0
2019-03-03,45.0
2019-03-04,35.0
2019-03-05,38.0
2019-03-06,35.0
2019-03-07,58.0
2019-03-08,64.0
2019-03-09,74.0
2019-03-10,37.0
2019-03-11,34.0
2019-03-12,23.0
2019-03-13,12.0
2019-03-14,24.0
2019-03-15,20.0
2019-03-16,20.0
2019-03-17,40.0
2019-03-18,44.0
2019-03-19,30.0
2019-03-20,45.0
2019-03-21,45.0
2019-03-22,52.0
2019-03-23,46.0
2019-03-24,92.0
2019-03-25,31.0
2019-03-26,28.0
2019-03-27,34.0
2019-03-28,19.0
2019-03-29,22.0
2019-03-30,36.0
2019-03-31,23.0
2019-04-01,17.0
2018-10-02,26.0
2018-10-03,19.0
2018-10-04,27.0
2018-10-05,43.0
2018-10-06,33.0
2018-10-07,42.0
2018-10-08,30.0
2018-10-09,21.0
2018-10-10,9.0
2018-10-11,24.0
2018-10-12,30.0
2018-10-13,13.0
2018-10-14,8.0
2018-10-15,7.0
2018-10-16,12.0
2018-10-17,31.0
2018-10-18,33.0
2018-10-19,36.0
2018-10-20,43.0
2018-10-21,41.0
2018-10-22,38.0
2018-10-23,52.0
2018-10-24,54.0
2018-10-25,35.0
2018-10-26,34.0
2018-10-27,19.0
2018-10-28,12.0
2018-10-29,16.0
2018-10-30,19.0
2018-10-31,17.0
2018-11-01,26.0
2018-11-02,15.0
2018-11-03,36.0
2018-11-04,27.0
2018-11-05,17.0
2018-11-06,29.0
2018-11-07,53.0
2018-11-08,26.0
2018-11-09,47.0
2018-11-10,31.0
2018-11-11,22.0
2018-11-12,29.0
2018-11-13,37.0
2018-11-14,22.0
2018-11-15,34.0
2018-11-16,35.0
2018-11-17,29.0
2018-11-18,45.0
2018-11-19,15.0
2018-11-20,41.0
2018-11-21,31.0
2018-11-22,58.0
2018-11-23,49.0
2018-11-24,51.0
2018-11-25,51.0
2018-11-26,30.0
2018-11-27,57.0
2018-11-28,29.0
2018-11-29,18.0
2018-11-30,37.0
2018-12-01,38.0
2018-12-02,48.0
2018-12-03,23.0
2018-12-04,22.0
2018-12-05,26.0
2018-12-06,14.0
2018-12-07,38.0
2018-12-08,31.0
2018-12-09,30.0
2018-12-10,39.0
2018-12-11,8.0
2018-12-12,59.0
2018-12-13,21.0
2018-12-14,23.0
2018-12-15,25.0
2018-12-16,19.0
2018-12-17,33.0
2018-12-18,30.0
2018-12-19,23.0
2018-12-20,18.0
2018-12-21,22.0
2018-12-22,8.0
2018-12-23,10.0
2018-12-24,26.0
2018-12-25,63.0
2018-12-26,52.0
2018-12-27,70.0
2018-12-28,44.0
2018-12-29,23.0
2018-12-30,27.0
2018-12-31,13.0
2018-08-19,127.0
2018-08-20,140.0
2018-08-21,97.0
2018-08-22,74.0
2018-08-23,100.0
2018-08-24,179.0
2018-08-25,133.0
2018-08-26,117.0
2018-08-27,114.0
2018-08-28,19.0
2018-08-29,33.0
2018-08-30,57.0
2018-08-31,41.0
2018-09-01,28.0
2018-09-02,43.0
2018-09-03,43.0
2018-09-04,34.0
2018-09-05,20.0
2018-09-06,35.0
2018-09-07,40.0
2018-09-08,84.0
2018-09-09,45.0
2018-09-10,22.0
2018-09-11,23.0
2018-09-12,20.0
2018-09-13,10.0
2018-09-14,18.0
2018-09-15,35.0
2018-09-16,18.0
2018-09-17,13.0
2018-09-18,17.0
2018-09-19,38.0
2018-09-20,37.0
2018-09-21,40.0
2018-09-22,15.0
2018-09-23,5.0
2018-09-24,18.0
2018-09-25,12.0
2018-09-26,7.0
2018-09-27,16.0
2018-09-28,7.0
2018-09-29,24.0
2018-09-30,9.0
2018-10-01,17.0
2017-04-02,16.0
2017-04-03,34.0
2017-04-04,11.0
2017-04-05,11.0
2017-04-06,27.0
2017-04-07,17.0
2017-04-08,20.0
2017-04-09,18.0
2017-04-10,15.0
2017-04-11,12.0
2017-04-12,22.0
2017-04-13,31.0
2017-04-14,25.0
2017-04-15,8.0
2017-04-16,13.0
2017-04-17,14.0
2017-04-18,18.0
2017-04-19,20.0
2017-04-20,40.0
2017-04-21,26.0
2017-04-22,28.0
2017-04-23,35.0
2017-04-24,15.0
2017-04-25,16.0
2017-04-26,18.0
2017-04-27,26.0
2017-04-28,27.0
2017-04-29,22.0
2017-04-30,10.0
2017-05-01,12.0
2017-05-02,9.0
2017-05-03,14.0
2017-05-04,26.0
2017-05-05,18.0
2017-05-06,42.0
2017-05-07,22.0
2017-05-08,6.0
2017-05-09,13.0
2017-05-10,19.0
2017-05-11,33.0
2017-05-12,34.0
2017-05-13,28.0
2017-05-14,7.0
2017-05-15,5.0
2017-05-16,9.0
2017-05-17,11.0
2017-05-18,14.0
2017-01-03,36.0
2017-01-04,29.0
2017-01-05,26.0
2017-01-06,21.0
2017-01-07,55.0
2017-01-08,54.0
2017-01-09,27.0
2017-01-10,41.0
2017-01-11,17.0
2017-01-12,25.0
2017-01-13,42.0
2017-01-14,33.0
2017-01-15,32.0
2017-01-16,13.0
2017-01-17,48.0
2017-01-18,24.0
2017-01-19,25.0
2017-01-20,19.0
2017-01-21,42.0
2017-01-22,24.0
2017-01-23,67.0
2017-01-24,67.0
2017-01-25,41.0
2017-01-26,29.0
2017-01-27,27.0
2017-01-28,24.0
2017-01-29,9.0
2017-01-30,9.0
2017-01-31,6.0
2017-02-01,7.0
2017-02-02,16.0
2017-02-03,24.0
2017-02-04,43.0
2017-02-05,24.0
2017-02-06,24.0
2017-02-07,18.0
2017-02-08,45.0
2017-02-09,75.0
2017-02-10,67.0
2017-02-11,53.0
2017-02-12,12.0
2017-02-13,8.0
2017-02-14,28.0
2017-02-15,41.0
2017-02-16,56.0
2017-02-17,16.0
2017-02-18,12.0
2017-02-19,25.0
2017-02-20,41.0
2017-02-21,54.0
2017-02-22,61.0
2017-02-23,30.0
2017-02-24,42.0
2017-02-25,38.0
2017-02-26,34.0
2017-02-27,7.0
2017-02-28,33.0
2017-03-01,25.0
2017-03-02,31.0
2017-03-03,37.0
2017-03-04,22.0
2017-03-05,27.0
2017-03-06,40.0
2017-03-07,34.0
2017-03-08,24.0
2017-03-09,18.0
2017-03-10,22.0
2017-03-11,15.0
2017-03-12,26.0
2017-03-13,28.0
2017-03-14,53.0
2017-03-15,24.0
2017-03-16,38.0
2017-03-17,17.0
2017-03-18,22.0
2017-03-19,7.0
2017-03-20,6.0
2017-03-21,23.0
2017-03-22,13.0
2017-03-23,16.0
2017-03-24,28.0
2017-03-25,35.0
2017-03-26,2.0
2017-03-27,4.0
2017-03-28,16.0
2017-03-29,14.0
2017-03-30,24.0
2017-03-31,32.0
2017-04-01,29.0
2016-10-02,21.0
2016-10-03,9.0
2016-10-04,20.0
2016-10-05,31.0
2016-10-06,20.0
2016-10-07,23.0
2016-10-08,11.0
2016-10-09,8.0
2016-10-10,4.0
2016-10-12,25.0
2016-10-13,16.0
2016-10-14,52.0
2016-10-15,50.0
2016-10-16,29.0
2016-10-17,17.0
2016-10-18,37.0
2016-10-19,28.0
2016-10-20,24.0
2016-10-21,25.0
2016-10-22,20.0
2016-10-23,40.0
2016-10-24,27.0
2016-10-25,27.0
2016-10-26,36.0
2016-10-27,37.0
2016-10-28,30.0
2016-10-29,17.0
2016-10-30,27.0
2016-10-31,12.0
2016-11-01,28.0
2016-11-02,39.0
2016-11-03,20.0
2016-11-04,20.0
2016-11-05,43.0
2016-11-06,38.0
2016-11-07,30.0
2016-11-08,37.0
2016-11-09,32.0
2016-11-10,32.0
2016-11-11,27.0
2016-11-12,31.0
2016-11-13,28.0
2016-11-14,12.0
2016-11-15,5.0
2016-11-16,22.0
2016-11-17,28.0
2016-11-18,29.0
2016-11-19,54.0
2016-11-20,25.0
2016-11-21,46.0
2016-11-22,11.0
2016-11-23,40.0
2016-11-24,46.0
2016-11-25,21.0
2016-11-26,9.0
2016-11-29,25.0
2016-11-30,22.0
2016-12-01,42.0
2016-12-02,22.0
2016-12-03,26.0
2016-12-04,6.0
2016-12-05,11.0
2016-12-06,9.0
2016-12-07,25.0
2016-12-08,25.0
2016-12-09,53.0
2016-12-10,50.0
2016-12-11,37.0
2016-12-12,46.0
2016-12-13,36.0
2016-12-14,23.0
2016-12-15,43.0
2016-12-16,29.0
2016-12-17,56.0
2016-12-18,40.0
2016-12-19,11.0
2016-12-20,9.0
2016-12-21,18.0
2016-12-22,36.0
2016-12-23,31.0
2016-12-24,33.0
2016-12-25,11.0
2016-12-26,25.0
2016-12-27,48.0
2016-12-28,10.0
2016-12-29,6.0
2016-12-30,37.0
2016-12-31,20.0
2017-01-01,21.0
2017-01-02,9.0
2016-07-02,21.0
2016-07-03,25.0
2016-07-04,24.0
2016-07-05,9.0
2016-07-06,10.0
2016-07-07,15.0
2016-07-08,29.0
2016-07-09,11.0
2016-07-10,32.0
2016-07-11,16.0
2016-07-12,14.0
2016-07-13,20.0
2016-07-14,14.0
2016-07-15,16.0
2016-07-16,13.0
2016-07-17,7.0
2016-07-18,23.0
2016-07-19,24.0
2016-07-20,13.0
2016-07-21,12.0
2016-07-22,13.0
2016-07-23,23.0
2016-07-24,20.0
2016-07-25,18.0
2016-07-26,14.0
2016-07-27,22.0
2016-07-28,26.0
2016-07-29,27.0
2016-07-30,17.0
2016-07-31,17.0
2016-08-01,12.0
2016-08-02,11.0
2016-08-03,19.0
2016-08-04,16.0
2016-08-05,20.0
2016-08-06,28.0
2016-08-07,32.0
2016-08-08,23.0
2016-08-09,21.0
2016-08-10,26.0
2016-08-11,21.0
2016-08-12,11.0
2016-08-13,10.0
2016-08-14,30.0
2016-08-15,20.0
2016-08-16,17.0
2016-08-17,39.0
2016-08-18,20.0
2016-08-19,17.0
2016-08-20,21.0
2016-08-21,27.0
2016-08-22,40.0
2016-08-23,18.0
2016-08-24,8.0
2016-08-25,10.0
2016-08-26,16.0
2016-08-27,11.0
2016-08-28,19.0
2016-08-29,7.0
2016-08-30,19.0
2016-08-31,32.0
2016-09-01,45.0
2016-09-02,43.0
2016-09-03,8.0
2016-09-04,11.0
2016-09-05,10.0
2016-09-06,13.0
2016-09-07,11.0
2016-09-08,8.0
2016-09-09,6.0
2016-09-10,11.0
2016-09-11,10.0
2016-09-12,2.0
2016-09-13,8.0
2016-09-14,15.0
2016-09-15,16.0
2016-09-16,27.0
2016-09-17,23.0
2016-09-18,18.0
2016-09-19,4.0
2016-09-20,10.0
2016-09-21,8.0
2016-09-22,18.0
2016-09-23,25.0
2016-09-24,9.0
2016-09-25,11.0
2016-09-26,12.0
2016-09-27,32.0
2016-09-28,28.0
2016-09-29,18.0
2016-09-30,22.0
2016-10-01,50.0
2016-04-02,13.0
2016-04-03,20.0
2016-04-04,7.0
2016-04-05,25.0
2016-04-06,4.0
2016-04-07,7.0
2016-04-08,20.0
2016-04-09,33.0
2016-04-10,8.0
2016-04-11,10.0
2016-04-12,22.0
2016-04-13,21.0
2016-04-14,15.0
2016-04-15,8.0
2016-04-16,15.0
2016-04-17,21.0
2016-04-18,28.0
2016-04-19,32.0
2016-04-20,31.0
2016-04-21,30.0
2016-04-22,35.0
2016-04-23,18.0
2016-04-24,22.0
2016-04-25,30.0
2016-04-26,18.0
2016-04-27,32.0
2016-04-28,28.0
2016-04-29,20.0
2016-04-30,22.0
2016-05-01,19.0
2016-05-02,28.0
2016-05-03,26.0
2016-05-04,25.0
2016-05-05,32.0
2016-05-06,33.0
2016-05-07,22.0
2016-05-08,22.0
2016-05-09,22.0
2016-05-10,7.0
2016-05-11,12.0
2016-05-12,28.0
2016-05-13,33.0
2016-05-14,42.0
2016-05-15,59.0
2016-05-16,47.0
2016-05-17,33.0
2016-05-18,19.0
2016-05-19,32.0
2016-05-20,10.0
2016-05-21,10.0
2016-05-22,16.0
2016-05-23,6.0
2016-05-24,17.0
2016-05-25,28.0
2016-05-26,26.0
2016-05-27,23.0
2016-05-28,26.0
2016-05-29,14.0
2016-05-30,12.0
2016-05-31,8.0
2016-06-01,13.0
2016-06-02,30.0
2016-06-03,20.0
2016-06-04,11.0
2016-06-05,14.0
2016-06-06,23.0
2016-06-07,29.0
2016-06-08,43.0
2016-06-09,31.0
2016-06-10,16.0
2016-06-11,15.0
2016-06-12,18.0
2016-06-13,6.0
2016-06-14,13.0
2016-06-15,20.0
2016-06-16,8.0
2016-06-17,20.0
2016-06-18,8.0
2016-06-19,22.0
2016-06-20,15.0
2016-06-21,13.0
2016-06-22,15.0
2016-06-23,13.0
2016-06-24,15.0
2016-06-25,18.0
2016-06-26,12.0
2016-06-27,11.0
2016-06-28,25.0
2016-06-29,25.0
2016-06-30,26.0
2016-07-01,26.0
2016-01-05,43.0
2016-01-06,58.0
2016-01-07,76.0
2016-01-08,53.0
2016-01-09,78.0
2016-01-10,67.0
2016-01-11,10.0
2016-01-12,30.0
2016-01-13,23.0
2016-01-14,15.0
2016-01-15,13.0
2016-01-16,46.0
2016-01-17,39.0
2016-01-18,36.0
2016-01-19,43.0
2016-01-20,39.0
2016-01-21,91.0
2016-01-22,54.0
2016-01-23,49.0
2016-01-24,38.0
2016-01-25,49.0
2016-01-26,30.0
2016-01-27,31.0
2016-01-28,27.0
2016-01-29,30.0
2016-01-30,16.0
2016-01-31,8.0
2016-02-01,13.0
2016-02-02,23.0
2016-02-03,20.0
2016-02-04,31.0
2016-02-05,17.0
2016-02-06,26.0
2016-02-07,4.0
2016-02-08,8.0
2016-02-09,19.0
2016-02-10,37.0
2016-02-11,39.0
2016-02-12,32.0
2016-02-13,46.0
2016-02-14,11.0
2016-02-15,12.0
2016-02-16,8.0
2016-02-17,20.0
2016-02-18,31.0
2016-02-19,33.0
2016-02-20,10.0
2016-02-21,43.0
2016-02-22,9.0
2016-02-23,6.0
2016-02-24,12.0
2016-02-25,23.0
2016-02-26,29.0
2016-02-27,23.0
2016-02-28,7.0
2016-02-29,21.0
2016-03-01,24.0
2016-03-02,25.0
2016-03-03,15.0
2016-03-04,23.0
2016-03-05,25.0
2016-03-06,29.0
2016-03-07,20.0
2016-03-08,13.0
2016-03-09,19.0
2016-03-10,19.0
2016-03-11,16.0
2016-03-12,19.0
2016-03-13,20.0
2016-03-14,3.0
2016-03-15,22.0
2016-03-16,17.0
2016-03-17,2.0
2016-03-18,5.0
2016-03-19,11.0
2016-03-20,23.0
2016-03-21,18.0
2016-03-22,32.0
2016-03-23,44.0
2016-03-24,35.0
2016-03-25,14.0
2016-03-26,27.0
2016-03-27,5.0
2016-03-28,11.0
2016-03-29,10.0
2016-03-30,8.0
2016-03-31,10.0
2016-04-01,13.0
2015-10-02,42.0
2015-10-03,39.0
2015-10-04,2.0
2015-10-05,25.0
2015-10-06,11.0
2015-10-07,37.0
2015-10-08,23.0
2015-10-09,23.0
2015-10-10,25.0
2015-10-11,28.0
2015-10-12,3.0
2015-10-13,7.0
2015-10-14,12.0
2015-10-15,18.0
2015-10-16,31.0
2015-10-17,33.0
2015-10-18,40.0
2015-10-19,18.0
2015-10-20,37.0
2015-10-21,15.0
2015-10-22,30.0
2015-10-23,13.0
2015-10-24,25.0
2015-10-25,28.0
2015-10-26,38.0
2015-10-27,30.0
2015-10-28,9.0
2015-10-29,27.0
2015-10-30,20.0
2015-10-31,24.0
2015-11-01,24.0
2015-11-02,16.0
2015-11-03,51.0
2015-11-04,38.0
2015-11-05,30.0
2015-11-06,15.0
2015-11-07,25.0
2015-11-08,28.0
2015-11-09,42.0
2015-11-10,36.0
2015-11-11,33.0
2015-11-12,13.0
2015-11-13,14.0
2015-11-14,11.0
2015-11-15,14.0
2015-11-16,27.0
2015-11-17,3.0
2015-11-18,12.0
2015-11-19,10.0
2015-11-20,8.0
2015-11-21,10.0
2015-11-22,7.0
2015-11-23,16.0
2015-11-24,37.0
2015-11-25,10.0
2015-11-26,29.0
2015-11-27,30.0
2015-11-28,19.0
2015-11-29,23.0
2015-11-30,21.0
2015-12-01,41.0
2015-12-02,23.0
2015-12-03,42.0
2015-12-04,22.0
2015-12-05,17.0
2015-12-06,11.0
2015-12-07,35.0
2015-12-08,19.0
2015-12-09,18.0
2015-12-10,21.0
2015-12-11,30.0
2015-12-12,32.0
2015-12-13,31.0
2015-12-14,30.0
2015-12-15,22.0
2015-12-16,20.0
2015-12-17,15.0
2015-12-18,28.0
2015-12-19,60.0
2015-12-20,69.0
2015-12-21,39.0
2015-12-22,39.0
2015-12-23,33.0
2015-12-24,48.0
2015-12-25,52.0
2015-12-26,59.0
2015-12-27,46.0
2015-12-28,37.0
2015-12-29,13.0
2015-12-30,48.0
2015-12-31,12.0
2016-01-04,62.0
2015-07-02,26.0
2015-07-03,29.0
2015-07-04,30.0
2015-07-05,28.0
2015-07-06,26.0
2015-07-07,27.0
2015-07-08,45.0
2015-07-09,60.0
2015-07-10,48.0
2015-07-11,62.0
2015-07-12,56.0
2015-07-13,59.0
2015-07-14,12.0
2015-07-15,10.0
2015-07-16,14.0
2015-07-17,8.0
2015-07-18,9.0
2015-07-19,10.0
2015-07-20,10.0
2015-07-21,13.0
2015-07-22,11.0
2015-07-23,20.0
2015-07-24,23.0
2015-07-25,22.0
2015-07-26,13.0
2015-07-27,7.0
2015-07-28,9.0
2015-07-29,9.0
2015-07-30,10.0
2015-07-31,29.0
2015-08-01,27.0
2015-08-02,20.0
2015-08-03,19.0
2015-08-04,37.0
2015-08-05,51.0
2015-08-06,27.0
2015-08-07,25.0
2015-08-08,21.0
2015-08-09,17.0
2015-08-10,25.0
2015-08-11,28.0
2015-08-12,52.0
2015-08-13,52.0
2015-08-14,60.0
2015-08-15,31.0
2015-08-16,9.0
2015-08-17,13.0
2015-08-18,13.0
2015-08-19,11.0
2015-08-20,19.0
2015-08-21,24.0
2015-08-22,12.0
2015-08-23,9.0
2015-08-24,18.0
2015-08-25,88.0
2015-08-26,187.0
2015-08-27,161.0
2015-08-28,266.0
2015-08-29,150.0
2015-08-30,89.0
2015-08-31,30.0
2015-09-01,7.0
2015-09-02,11.0
2015-09-03,16.0
2015-09-04,9.0
2015-09-05,6.0
2015-09-06,10.0
2015-09-07,4.0
2015-09-08,6.0
2015-09-09,17.0
2015-09-10,9.0
2015-09-11,28.0
2015-09-12,20.0
2015-09-13,29.0
2015-09-14,4.0
2015-09-15,9.0
2015-09-16,17.0
2015-09-17,8.0
2015-09-18,19.0
2015-09-19,19.0
2015-09-20,12.0
2015-09-21,9.0
2015-09-22,8.0
2015-09-23,18.0
2015-09-24,30.0
2015-09-25,34.0
2015-09-26,39.0
2015-09-27,14.0
2015-09-28,7.0
2015-09-29,14.0
2015-09-30,26.0
2015-10-01,27.0
2015-04-09,20.0
2015-04-10,33.0
2015-04-11,42.0
2015-04-12,29.0
2015-04-13,15.0
2015-04-14,35.0
2015-04-15,39.0
2015-04-16,15.0
2015-04-17,19.0
2015-04-18,21.0
2015-04-19,12.0
2015-04-20,31.0
2015-04-21,22.0
2015-04-22,37.0
2015-04-23,44.0
2015-04-24,23.0
2015-04-25,26.0
2015-04-26,25.0
2015-04-27,34.0
2015-04-28,28.0
2015-04-29,21.0
2015-04-30,28.0
2015-05-01,24.0
2015-05-02,27.0
2015-05-03,16.0
2015-05-04,29.0
2015-05-05,31.0
2015-05-06,43.0
2015-05-07,119.0
2015-05-08,22.0
2015-05-09,42.0
2015-05-10,37.0
2015-05-11,47.0
2015-05-12,28.0
2015-05-13,42.0
2015-05-14,44.0
2015-05-15,46.0
2015-05-16,59.0
2015-05-20,19.0
2015-05-21,33.0
2015-05-22,26.0
2015-05-23,35.0
2015-05-24,35.0
2015-05-25,44.0
2015-05-26,35.0
2015-05-27,34.0
2015-05-28,38.0
2015-05-29,60.0
2015-05-30,57.0
2015-05-31,26.0
2015-06-01,33.0
2015-06-02,32.0
2015-06-03,45.0
2015-06-04,25.0
2015-06-05,23.0
2015-06-06,24.0
2015-06-07,41.0
2015-06-08,46.0
2015-06-09,39.0
2015-06-10,27.0
2015-06-11,33.0
2015-06-12,44.0
2015-06-13,34.0
2015-06-14,22.0
2015-06-15,24.0
2015-06-16,35.0
2015-06-17,34.0
2015-06-18,29.0
2015-06-19,32.0
2015-06-20,16.0
2015-06-21,12.0
2015-06-22,15.0
2015-06-23,22.0
2015-06-24,20.0
2015-06-25,20.0
2015-06-26,33.0
2015-06-27,33.0
2015-06-28,41.0
2015-06-29,34.0
2015-06-30,29.0
2015-07-01,60.0
2015-01-02,22.0
2015-01-03,33.0
2015-01-04,19.0
2015-01-05,30.0
2015-01-06,34.0
2015-01-07,33.0
2015-01-08,31.0
2015-01-09,16.0
2015-01-10,33.0
2015-01-11,45.0
2015-01-12,70.0
2015-01-13,42.0
2015-01-14,14.0
2015-01-15,14.0
2015-01-16,14.0
2015-01-17,13.0
2015-01-18,14.0
2015-01-19,19.0
2015-01-20,15.0
2015-01-21,21.0
2015-01-22,25.0
2015-01-23,9.0
2015-01-24,22.0
2015-01-25,12.0
2015-01-26,16.0
2015-01-27,44.0
2015-01-28,49.0
2015-01-29,61.0
2015-01-30,66.0
2015-01-31,42.0
2015-02-01,30.0
2015-02-02,38.0
2015-02-03,59.0
2015-02-04,54.0
2015-02-05,40.0
2015-02-06,46.0
2015-02-07,51.0
2015-02-08,66.0
2015-02-09,58.0
2015-02-10,65.0
2015-02-11,81.0
2015-02-12,89.0
2015-02-13,48.0
2015-02-14,23.0
2015-02-15,38.0
2015-02-16,24.0
2015-02-17,21.0
2015-02-18,53.0
2015-02-19,45.0
2015-02-20,18.0
2015-02-21,24.0
2015-02-22,19.0
2015-02-23,27.0
2015-02-24,22.0
2015-02-25,22.0
2015-02-26,21.0
2015-02-27,25.0
2015-02-28,43.0
2015-03-01,32.0
2015-03-02,33.0
2015-03-03,18.0
2015-03-04,28.0
2015-03-05,36.0
2015-03-06,20.0
2015-03-07,21.0
2015-03-08,28.0
2015-03-09,15.0
2015-03-10,21.0
2015-03-11,39.0
2015-03-12,49.0
2015-03-13,25.0
2015-03-14,27.0
2015-03-15,21.0
2015-03-16,20.0
2015-03-17,36.0
2015-03-18,34.0
2015-03-19,38.0
2015-03-20,37.0
2015-03-21,57.0
2015-03-22,35.0
2015-03-23,24.0
2015-03-24,51.0
2015-03-25,53.0
2015-03-26,43.0
2015-03-27,16.0
2015-03-28,26.0
2015-03-29,29.0
2015-03-30,13.0
2015-03-31,19.0
2014-10-02,19.0
2014-10-03,13.0
2014-10-04,23.0
2014-10-05,13.0
2014-10-06,19.0
2014-10-07,39.0
2014-10-08,41.0
2014-10-09,41.0
2014-10-10,44.0
2014-10-11,32.0
2014-10-12,23.0
2014-10-17,59.0
2014-10-18,18.0
2014-10-19,28.0
2014-10-20,21.0
2014-10-21,32.0
2014-10-22,26.0
2014-10-23,40.0
2014-10-24,22.0
2014-10-25,25.0
2014-10-26,28.0
2014-10-27,23.0
2014-10-28,17.0
2014-10-29,47.0
2014-10-30,34.0
2014-10-31,44.0
2014-11-01,35.0
2014-11-02,27.0
2014-11-03,26.0
2014-11-04,23.0
2014-11-05,28.0
2014-11-06,31.0
2014-11-07,33.0
2014-11-08,24.0
2014-11-09,38.0
2014-11-10,23.0
2014-11-11,36.0
2014-11-12,24.0
2014-11-13,50.0
2014-11-14,57.0
2014-11-15,54.0
2014-11-16,28.0
2014-11-17,32.0
2014-11-18,26.0
2014-11-19,33.0
2014-11-20,58.0
2014-11-21,32.0
2014-11-22,17.0
2014-11-23,20.0
2014-11-24,23.0
2014-11-25,29.0
2014-11-26,24.0
2014-11-27,70.0
2014-11-28,33.0
2014-11-29,28.0
2014-11-30,23.0
2014-12-01,29.0
2014-12-02,16.0
2014-12-03,31.0
2014-12-04,32.0
2014-12-05,29.0
2014-12-06,64.0
2014-12-07,44.0
2014-12-08,27.0
2014-12-09,35.0
2014-12-10,26.0
2014-12-11,18.0
2014-12-12,22.0
2014-12-13,28.0
2014-12-14,24.0
2014-12-15,25.0
2014-12-16,38.0
2014-12-17,59.0
2014-12-18,42.0
2014-12-19,35.0
2014-12-20,24.0
2014-12-21,19.0
2014-12-22,23.0
2014-12-23,34.0
2014-12-24,30.0
2014-12-25,14.0
2014-12-26,29.0
2014-12-27,14.0
2014-12-28,26.0
2014-12-29,35.0
2014-07-29,38.0
2014-08-09,45.0
2014-08-10,36.0
2014-08-11,43.0
2014-08-13,57.0
2014-08-14,54.0
2014-08-16,47.0
2014-08-17,35.0
2014-08-18,58.0
2014-08-19,70.0
2014-08-20,70.0
2014-08-21,37.0
2014-08-22,39.0
2014-08-23,39.0
2014-08-24,36.0
2014-08-25,37.0
2014-08-26,37.0
2014-08-27,54.0
2014-08-28,37.0
2014-08-29,23.0
2014-08-30,23.0
2014-08-31,20.0
2014-09-01,27.0
2014-09-02,19.0
2014-09-03,23.0
2014-09-04,24.0
2014-09-05,23.0
2014-09-06,27.0
2014-09-07,31.0
2014-09-08,33.0
2014-09-09,14.0
2014-09-10,20.0
2014-09-11,17.0
2014-09-12,19.0
2014-09-13,23.0
2014-09-14,24.0
2014-09-15,26.0
2014-09-16,28.0
2014-09-17,31.0
2014-09-18,44.0
2014-09-19,56.0
2014-09-20,44.0
2014-09-21,21.0
2014-09-22,33.0
2014-09-23,47.0
2014-09-24,57.0
2014-09-25,35.0
2014-09-26,39.0
2014-09-27,56.0
2014-09-28,35.0
2014-09-29,26.0
2014-09-30,23.0
2014-10-01,20.0
