date, pm25, o3, no2, so2, co
2022/9/10, 22, , 8, 2, 3
2022/9/11, 89, , 8, 1, 3
2022/9/12, 131, , 6, 7, 2
2022/9/13, 35, , 9, , 3
2022/9/14, 70, , 12, , 4
2022/9/15, 83, , , , 
2021/1/5, 11, , 19, , 4
2021/1/6, 16, , 16, 1, 4
2021/1/7, 10, , 30, 1, 6
2021/1/8, 25, , 28, 1, 6
2021/1/9, 48, , 29, , 6
2021/1/10, 45, , 22, , 6
2021/1/11, 35, , 26, , 6
2021/1/12, 21, , 24, , 5
2021/1/13, 17, , 18, 2, 6
2021/1/14, 27, , 17, , 5
2021/1/15, 15, , 14, 1, 5
2021/1/16, 11, , 8, 2, 5
2021/1/17, 8, , 14, 1, 5
2021/1/18, 9, , 13, 5, 5
2021/1/19, 15, , 15, 1, 5
2021/1/20, 12, , 6, 2, 5
2021/1/21, 9, , 17, 1, 5
2021/1/22, 7, , 13, 1, 5
2021/1/23, 13, , 11, 7, 5
2021/1/24, 14, , 10, , 5
2021/1/25, 10, , 16, , 5
2021/1/26, 11, , 15, 1, 5
2021/1/27, 13, , 19, 2, 6
2021/1/28, 29, , 35, , 5
2021/1/29, 50, , 26, 1, 3
2021/1/30, 69, , 25, , 3
2021/1/31, 75, , 27, 2, 3
2021/2/1, 68, , 26, 1, 3
2021/2/2, 70, , 12, 1, 2
2021/2/3, 30, , 18, , 2
2021/2/4, 21, , 22, 1, 3
2021/2/5, 39, , 17, 2, 2
2021/2/6, 17, , 26, 4, 3
2021/2/7, 28, , 35, 2, 4
2021/2/8, 53, , 26, 1, 3
2021/2/9, 45, , 14, 1, 2
2021/2/10, 14, , 13, , 2
2021/2/11, 11, , 12, , 3
2021/2/12, 9, , 14, 4, 2
2021/2/13, 13, , 18, 1, 3
2021/2/14, 16, , 15, 1, 3
2021/2/15, 9, , 15, , 3
2021/2/16, 12, , 29, 2, 4
2021/2/17, 21, , 30, 1, 4
2021/2/18, 17, , 26, 1, 4
2021/2/19, 10, , 24, 1, 4
2021/2/20, 12, , 14, 1, 3
2021/2/21, 14, , 14, 1, 3
2021/2/22, 5, , 10, , 3
2021/2/23, 15, , 13, 1, 4
2021/2/24, 4, , 17, 1, 4
2021/2/25, 5, , 18, 1, 3
2021/2/26, 8, , 8, 1, 2
2021/2/27, 16, , 15, 1, 2
2021/2/28, 38, , 12, 2, 2
2021/3/1, 55, , 24, 1, 3
2021/3/2, 43, , 17, 1, 3
2021/3/3, 23, , 20, , 3
2021/3/4, 59, , 19, 1, 4
2021/3/5, 62, , 16, 1, 3
2021/3/6, 57, , 18, , 3
2021/3/7, 35, , 20, , 4
2021/3/8, 32, , 25, , 3
2021/3/9, 31, , , , 
2020/10/2, 19, , 13, , 4
2020/10/3, 25, , 14, , 3
2020/10/4, 35, , 9, 1, 3
2020/10/5, 44, , 10, 1, 2
2020/10/6, 17, , 8, , 2
2020/10/7, 16, , 14, , 2
2020/10/8, 19, , 9, , 2
2020/10/9, 13, , 13, 1, 3
2020/10/10, 14, , 9, 14, 3
2020/10/11, 17, , 4, , 3
2020/10/12, 6, , 6, , 3
2020/10/13, 8, , 12, 2, 3
2020/10/14, 17, , 8, , 3
2020/10/15, 11, , 9, , 3
2020/10/16, 7, , 13, 1, 3
2020/10/17, 12, , 8, , 3
2020/10/18, 8, , 10, , 3
2020/10/19, 13, , 10, , 3
2020/10/20, 15, , 17, 2, 3
2020/10/21, 19, , 11, , 3
2020/10/22, 18, , 11, , 2
2020/10/23, 14, , 14, 4, 2
2020/10/24, 14, , 12, , 2
2020/10/25, 8, , 14, , 2
2020/10/26, 14, , 14, , 2
2020/10/27, 13, , 9, 1, 3
2020/10/28, 10, , 19, 1, 3
2020/10/29, 18, , 12, 2, 3
2020/10/30, 27, , 11, , 3
2020/10/31, 23, , 12, 1, 3
2020/11/1, 16, , 11, 2, 3
2020/11/2, 10, , 18, 1, 4
2020/11/3, 17, , 30, 2, 7
2020/11/4, 35, , 15, 1, 4
2020/11/5, 17, , 13, 1, 3
2020/11/6, 20, , 10, , 4
2020/11/7, 17, , 8, 1, 3
2020/11/8, 27, , 13, , 3
2020/11/9, 13, , 25, , 4
2020/11/10, 24, , 12, , 3
2020/11/11, 15, , 14, , 2
2020/11/12, 14, , 26, 1, 3
2020/11/13, 30, , 34, , 5
2020/11/14, 36, , 15, , 4
2020/11/15, 38, , 19, 1, 3
2020/11/16, 37, , 18, 5, 3
2020/11/17, 60, , 18, , 2
2020/11/18, 35, , 10, , 3
2020/11/19, 40, , 14, , 3
2020/11/20, 20, , 27, 1, 5
2020/11/21, 45, , 21, , 5
2020/11/22, 30, , 19, , 3
2020/11/23, 30, , 21, 1, 4
2020/11/24, 52, , 31, 1, 5
2020/11/25, 54, , 15, 1, 3
2020/11/26, 18, , 18, 1, 4
2020/11/27, 14, , 17, 1, 4
2020/11/28, 13, , 15, 1, 4
2020/11/29, 23, , 24, , 4
2020/11/30, 22, , 23, , 4
2020/12/1, 16, , 13, , 4
2020/12/2, 6, , 23, , 5
2020/12/3, 22, , 26, , 7
2020/12/4, 26, , 22, 1, 5
2020/12/5, 23, , 25, , 5
2020/12/6, 33, , 17, , 5
2020/12/7, 23, , 18, , 3
2020/12/8, 16, , 21, , 3
2020/12/9, 12, , 15, , 2
2020/12/10, 14, , 21, 1, 3
2020/12/11, 14, , 24, , 3
2020/12/12, 32, , 10, , 2
2020/12/13, 14, , 9, , 2
2020/12/14, 15, , 13, , 3
2020/12/15, 30, , 18, , 3
2020/12/16, 50, , 25, 1, 5
2020/12/17, 43, , 17, , 3
2020/12/18, 40, , 19, 1, 3
2020/12/19, 25, , 14, , 3
2020/12/20, 10, , 12, , 3
2020/12/21, 7, , 21, , 4
2020/12/22, 16, , 18, 1, 4
2020/12/23, 17, , 19, 1, 4
2020/12/24, 17, , 16, 1, 3
2020/12/25, 12, , 25, 1, 4
2020/12/26, 22, , 17, 1, 4
2020/12/27, 36, , 18, 2, 3
2020/12/28, 30, , 20, , 4
2020/12/29, 37, , 23, , 4
2020/12/30, 12, , 27, , 6
2020/12/31, 27, , 30, 2, 5
2021/1/1, 35, , 18, , 4
2021/1/2, 32, , 20, , 4
2021/1/3, 31, , 9, , 
2021/1/4, 7, , 17, , 4
2020/7/2, 13, , 4, , 1
2020/7/3, 10, , 4, , 1
2020/7/4, 15, , 4, 2, 1
2020/7/5, 20, , 2, , 1
2020/7/6, 10, , 6, 2, 1
2020/7/7, 18, , 9, 1, 1
2020/7/8, 17, , 3, , 1
2020/7/9, 11, , 5, , 1
2020/7/10, 20, , 4, 1, 1
2020/7/11, 14, , 3, 1, 1
2020/7/12, 16, , 2, 1, 1
2020/7/13, 17, , 2, 1, 1
2020/7/14, 8, , 2, 1, 1
2020/7/15, 10, , 3, , 1
2020/7/16, 9, , 6, , 1
2020/7/17, 16, , 3, , 1
2020/7/18, 13, , 1, , 1
2020/7/19, 10, , 2, , 1
2020/7/20, 10, , 4, 1, 1
2020/7/21, 16, , 6, 1, 1
2020/7/22, 19, , 7, 6, 1
2020/7/23, 23, , 6, , 1
2020/7/24, 34, , 5, 1, 1
2020/7/25, 9, , 5, , 1
2020/7/26, 12, , 4, 1, 1
2020/7/27, 18, , 6, 2, 1
2020/7/28, 22, , 5, , 1
2020/7/29, 43, , 4, 1, 1
2020/7/30, 33, , 3, 1, 1
2020/7/31, 48, , 6, 1, 1
2020/8/1, 32, , 1, , 1
2020/8/2, 14, , 1, 1, 1
2020/8/3, 25, , 2, , 1
2020/8/4, 23, , 4, 1, 1
2020/8/5, 15, , 7, , 1
2020/8/6, 19, , 6, 1, 1
2020/8/7, 29, , 3, , 
2020/8/8, 13, , 3, 1, 1
2020/8/9, 11, , 2, , 1
2020/8/10, 11, , 4, , 1
2020/8/11, 12, , 8, 1, 1
2020/8/12, 16, , 6, 1, 1
2020/8/13, 19, , 5, 1, 1
2020/8/14, 14, , 5, , 1
2020/8/15, 13, , 3, 1, 2
2020/8/16, 13, , 4, , 2
2020/8/17, 22, , 8, 1, 1
2020/8/18, 27, , 9, 2, 1
2020/8/19, 37, , 6, 1, 
2020/8/20, 16, , 7, 4, 1
2020/8/21, 29, , 6, , 1
2020/8/22, 20, , 3, 1, 
2020/8/23, 16, , 3, 2, 1
2020/8/24, 17, , 6, 1, 1
2020/8/25, 14, , 6, 1, 1
2020/8/26, 15, , 7, , 1
2020/8/27, 20, , 6, , 1
2020/8/28, 12, , 9, 1, 1
2020/8/29, 16, , 3, , 1
2020/8/30, 13, , 2, 1, 1
2020/8/31, 15, , 7, 1, 1
2020/9/1, 14, , 6, , 1
2020/9/2, 13, , 5, , 1
2020/9/3, 12, , 6, , 1
2020/9/4, 10, , 8, 1, 2
2020/9/5, 14, , 7, 1, 2
2020/9/6, 20, , 2, , 1
2020/9/7, 6, , 3, 1, 1
2020/9/8, 6, , 6, , 1
2020/9/9, 12, , 10, 1, 2
2020/9/10, 16, , 8, 4, 1
2020/9/11, 23, , 5, 1, 1
2020/9/12, 21, , 4, 4, 1
2020/9/13, 12, , 3, 3, 1
2020/9/14, 11, , 5, 1, 2
2020/9/15, 13, , 7, 1, 2
2020/9/16, 14, , 12, 1, 4
2020/9/17, 39, , 15, 2, 5
2020/9/18, 43, , 10, 1, 3
2020/9/19, 51, , 15, 1, 6
2020/9/20, 83, , 4, , 4
2020/9/21, 34, , 9, , 3
2020/9/22, 14, , 11, 1, 3
2020/9/23, 17, , 6, , 2
2020/9/24, 25, , 7, 2, 2
2020/9/25, 22, , 9, 1, 2
2020/9/26, 12, , 8, 1, 2
2020/9/27, 7, , 6, , 2
2020/9/28, 13, , 9, , 2
2020/9/29, 15, , 7, , 2
2020/9/30, 14, , 10, , 2
2020/10/1, 12, , 13, 3, 4
2020/4/2, 12, , 16, 3, 3
2020/4/3, 21, , 19, 1, 3
2020/4/4, 29, , 13, 1, 3
2020/4/5, 23, , 8, , 2
2020/4/6, 20, , 15, 2, 3
2020/4/7, 42, , 8, , 3
2020/4/8, 15, , 8, , 3
2020/4/9, 11, , 17, 1, 3
2020/4/10, 23, , 7, , 3
2020/4/11, 12, , 7, , 3
2020/4/12, 10, , 7, , 3
2020/4/13, 10, , 16, 2, 3
2020/4/14, 18, , 11, 1, 2
2020/4/15, 15, , 8, 1, 1
2020/4/16, 15, , 15, 1, 2
2020/4/17, 20, , 6, , 1
2020/4/18, 9, , 5, 2, 1
2020/4/19, 8, , 6, , 2
2020/4/20, 8, , 9, , 3
2020/4/21, 14, , 7, , 2
2020/4/22, 13, , 5, , 2
2020/4/23, 12, , 6, 1, 2
2020/4/24, 11, , 6, , 3
2020/4/25, 13, , 6, 1, 2
2020/4/26, 18, , 2, , 2
2020/4/27, 13, , 6, , 2
2020/4/28, 14, , 5, 1, 2
2020/4/29, 7, , 8, 1, 2
2020/4/30, 12, , 9, 1, 2
2020/5/1, 17, , 4, , 2
2020/5/2, 12, , 12, 1, 4
2020/5/3, 25, , 3, 2, 2
2020/5/4, 12, , 5, , 2
2020/5/5, 11, , 6, , 2
2020/5/6, 13, , 7, 1, 1
2020/5/7, 12, , 5, , 1
2020/5/8, 16, , 4, , 1
2020/5/9, 13, , 5, 1, 2
2020/5/10, 14, , 5, , 2
2020/5/11, 11, , 6, , 2
2020/5/12, 6, , 5, , 2
2020/5/13, 13, , 9, , 2
2020/5/14, 23, , 4, , 2
2020/5/15, 13, , 7, 1, 2
2020/5/16, 16, , 6, 10, 2
2020/5/17, 27, , 4, 2, 1
2020/5/18, 18, , 2, 1, 2
2020/5/19, 18, , 4, 1, 2
2020/5/20, 17, , 5, 3, 1
2020/5/21, 15, , 3, 1, 2
2020/5/22, 7, , 3, , 2
2020/5/23, 5, , 2, , 2
2020/5/24, 10, , 5, 1, 2
2020/5/25, 19, , 7, 1, 2
2020/5/26, 17, , 3, , 2
2020/5/27, 10, , 3, , 2
2020/5/28, 11, , 8, 2, 2
2020/5/29, 17, , 5, , 2
2020/5/30, 16, , 3, , 2
2020/5/31, 15, , 2, , 2
2020/6/1, 29, , 2, , 2
2020/6/2, 12, , 5, 4, 2
2020/6/3, 9, , 2, , 2
2020/6/4, 14, , 3, , 2
2020/6/5, 10, , 6, 3, 2
2020/6/6, 20, , 4, 1, 2
2020/6/7, 24, , 2, , 2
2020/6/8, 11, , 3, , 2
2020/6/9, 13, , 4, , 2
2020/6/10, 13, , 5, , 1
2020/6/11, 15, , 8, 4, 2
2020/6/12, 22, , 5, , 1
2020/6/13, 19, , 5, 3, 1
2020/6/14, 32, , 2, , 1
2020/6/15, 13, , 4, 1, 1
2020/6/16, 10, , 5, 2, 
2020/6/17, 13, , 4, , 1
2020/6/18, 8, , 5, , 1
2020/6/19, 18, , 8, 3, 1
2020/6/20, 32, , 6, 2, 1
2020/6/21, 27, , 3, , 1
2020/6/22, 15, , 8, , 1
2020/6/23, 19, , 5, 1, 1
2020/6/24, 17, , 5, 2, 1
2020/6/25, 17, , 5, 2, 1
2020/6/26, 16, , 7, 3, 1
2020/6/27, 17, , 3, , 1
2020/6/28, 11, , 1, , 1
2020/6/29, 14, , 3, , 1
2020/6/30, 18, , 5, 1, 1
2020/7/1, 17, , 2, 1, 1
2020/1/2, 22, , 10, , 4
2020/1/3, 13, , 18, 1, 4
2020/1/4, 12, , 11, , 4
2020/1/5, 17, , 14, , 4
2020/1/6, 7, , 24, 1, 6
2020/1/7, 22, , 21, 1, 5
2020/1/8, 20, , 15, , 5
2020/1/9, 16, , 17, , 6
2020/1/10, 13, , 22, 1, 5
2020/1/11, 34, , 13, 1, 5
2020/1/12, 18, , 9, , 5
2020/1/13, 9, , 15, 1, 5
2020/1/14, 12, , 23, 1, 7
2020/1/15, 22, , 33, 1, 5
2020/1/16, 43, , 20, 1, 1
2020/1/17, 30, , 14, 1, 1
2020/1/18, 17, , 24, 3, 2
2020/1/19, 30, , 17, 1, 1
2020/1/20, 30, , 40, 1, 6
2020/1/21, 69, , 32, 1, 4
2020/1/22, 37, , 28, 1, 2
2020/1/23, 38, , 27, 1, 2
2020/1/24, 31, , 43, 1, 6
2020/1/25, 75, , 34, 1, 5
2020/1/26, 78, , 23, 1, 2
2020/1/27, 50, , 25, 1, 3
2020/1/28, 54, , 44, 1, 6
2020/1/29, 77, , 27, 1, 2
2020/1/30, 28, , 20, 1, 1
2020/1/31, 12, , 19, 1, 1
2020/2/1, 13, , 14, , 1
2020/2/2, 12, , 8, 4, 1
2020/2/3, 10, , 24, 2, 2
2020/2/4, 21, , 27, , 3
2020/2/5, 20, , 18, 1, 2
2020/2/6, 11, , 16, , 
2020/2/7, 6, , 21, , 6
2020/2/8, 13, , 25, , 4
2020/2/9, 23, , 10, , 
2020/2/10, 12, , 17, , 
2020/2/11, 10, , 14, , 
2020/2/12, 17, , 17, , 
2020/2/13, 22, , 20, , 
2020/2/14, 26, , 15, , 
2020/2/15, 14, , 18, , 
2020/2/16, 24, , 15, , 
2020/2/17, 33, , 11, , 
2020/2/18, 18, , 27, , 
2020/2/19, 28, , 31, , 
2020/2/20, 51, , 24, , 
2020/2/21, 26, , 25, , 
2020/2/22, 21, , 14, , 
2020/2/23, 11, , 22, , 
2020/2/24, 23, , 34, , 5
2020/2/25, 28, , 29, 1, 4
2020/2/26, 51, , 20, , 4
2020/2/27, 25, , 17, , 3
2020/2/28, 10, , 16, , 4
2020/2/29, 15, , 9, 5, 3
2020/3/1, 10, , 12, 1, 4
2020/3/2, 18, , 6, 1, 3
2020/3/3, 7, , 14, 1, 3
2020/3/4, 10, , 17, , 4
2020/3/5, 14, , 20, 1, 4
2020/3/6, 16, , 10, , 4
2020/3/7, 18, , 7, 1, 4
2020/3/8, 11, , 16, 4, 4
2020/3/9, 17, , 18, 1, 4
2020/3/10, 19, , 22, , 4
2020/3/11, 18, , 11, 1, 4
2020/3/12, 8, , 12, 2, 4
2020/3/13, 12, , 7, , 4
2020/3/14, 15, , 8, 4, 4
2020/3/15, 23, , 18, 2, 5
2020/3/16, 31, , 18, 2, 4
2020/3/17, 18, , 14, 1, 4
2020/3/18, 28, , 15, 1, 4
2020/3/19, 30, , 19, 1, 2
2020/3/20, 38, , 18, 6, 2
2020/3/21, 45, , 17, , 2
2020/3/22, 43, , 15, 1, 2
2020/3/23, 10, , 12, 9, 2
2020/3/24, 27, , 11, 7, 2
2020/3/25, 13, , 12, 2, 
2020/3/26, 18, , 13, 1, 2
2020/3/27, 14, , 14, 1, 2
2020/3/28, 17, , 8, 15, 2
2020/3/29, 19, , , , 
2019/10/2, 18, , 10, , 2
2019/10/3, 22, , 11, 1, 3
2019/10/4, 21, , 11, , 2
2019/10/5, 14, , 13, , 3
2019/10/6, 10, , 7, , 2
2019/10/7, 13, , 6, , 2
2019/10/8, 10, , 6, , 1
2019/10/9, 10, , 9, 1, 1
2019/10/10, 14, , 17, 3, 2
2019/10/11, 20, , 21, 1, 4
2019/10/12, 34, , 16, 1, 3
2019/10/13, 33, , 12, 1, 3
2019/10/14, 29, , 7, , 2
2019/10/15, 7, , 8, , 2
2019/10/16, 17, , 12, 1, 3
2019/10/17, 18, , 15, , 3
2019/10/18, 17, , 18, 1, 4
2019/10/19, 15, , 10, 1, 2
2019/10/20, 15, , 7, , 2
2019/10/21, 7, , 17, 1, 3
2019/10/22, 23, , 14, 1, 2
2019/10/23, 24, , 8, , 2
2019/10/24, 19, , 15, 3, 3
2019/10/25, 16, , 12, , 2
2019/10/26, 12, , 6, , 2
2019/10/27, 19, , 9, , 2
2019/10/28, 8, , 7, , 1
2019/10/29, 16, , 17, 4, 2
2019/10/30, 13, , 18, , 2
2019/10/31, 12, , 11, , 2
2019/11/1, 11, , 13, 4, 2
2019/11/2, 13, , 10, , 3
2019/11/3, 18, , 10, , 2
2019/11/4, 11, , 14, , 3
2019/11/5, 23, , 12, , 2
2019/11/6, 21, , 21, 1, 4
2019/11/7, 21, , 25, 1, 6
2019/11/8, 29, , 14, , 3
2019/11/9, 13, , 7, 1, 2
2019/11/10, 9, , 13, 2, 2
2019/11/11, 10, , 24, 1, 4
2019/11/12, 31, , 22, , 5
2019/11/13, 27, , 17, 1, 4
2019/11/14, 22, , 15, , 4
2019/11/15, 28, , , , 
2019/12/9, 18, , , , 
2019/12/15, 34, , 16, , 3
2019/12/16, 16, , 24, 1, 3
2019/12/17, 19, , 28, , 4
2019/12/18, 25, , 20, 4, 3
2019/12/19, 19, , 17, 1, 3
2019/12/20, 41, , 25, 1, 5
2019/12/21, 50, , 22, 2, 5
2019/12/22, 73, , 23, 1, 4
2019/12/23, 39, , 24, 2, 4
2019/12/24, 42, , 18, , 4
2019/12/25, 40, , 15, , 4
2019/12/26, 27, , 26, , 5
2019/12/27, 20, , 17, , 5
2019/12/28, 14, , 20, , 4
2019/12/29, 17, , 28, , 
2019/12/30, 28, , , , 
2019/7/3, 13, , 6, 1, 2
2019/7/4, 11, , 7, 1, 2
2019/7/5, 20, , 10, 1, 3
2019/7/6, 22, , 6, 1, 3
2019/7/7, 34, , 7, 1, 3
2019/7/8, 34, , 7, 2, 3
2019/7/9, 26, , 7, 2, 3
2019/7/10, 30, , 5, 1, 3
2019/7/11, 36, , 6, 1, 3
2019/7/12, 33, , 5, 1, 3
2019/7/13, 21, , 5, 2, 3
2019/7/14, 27, , 5, 1, 3
2019/7/16, 25, , 6, 1, 3
2019/7/17, 35, , 9, 1, 3
2019/7/18, 26, , 7, 1, 3
2019/7/19, 23, , 7, 1, 2
2019/7/20, 18, , 5, , 3
2019/7/26, 18, , 2, 1, 1
2019/7/27, 22, , 5, 1, 1
2019/7/28, 15, , 5, , 1
2019/7/29, 11, , 3, 2, 1
2019/7/30, 16, , 7, 1, 1
2019/7/31, 23, , 8, 2, 1
2019/8/1, 24, , 10, 2, 1
2019/8/2, 30, , 9, 1, 1
2019/8/3, 56, , 7, , 2
2019/8/4, 28, , 3, , 1
2019/8/5, 7, , 3, , 1
2019/8/6, 14, , 2, 2, 1
2019/8/7, 15, , 2, , 1
2019/8/8, 16, , 6, 1, 1
2019/8/9, 24, , 5, , 1
2019/8/10, 7, , 2, 1, 1
2019/8/11, 11, , 4, , 1
2019/8/12, 11, , 3, 2, 1
2019/8/13, 13, , 7, , 1
2019/8/14, 13, , 4, 4, 2
2019/8/15, 14, , 7, 1, 3
2019/8/16, 25, , 5, , 3
2019/8/17, 6, , 3, , 2
2019/8/18, 17, , 5, 2, 2
2019/8/19, 16, , 6, 1, 2
2019/8/20, 20, , 8, 1, 2
2019/8/21, 17, , 7, , 2
2019/8/22, 19, , 5, , 2
2019/8/23, 15, , 6, 1, 2
2019/8/24, 17, , 7, , 2
2019/8/25, 14, , 7, , 3
2019/8/26, 8, , 5, , 2
2019/8/27, 9, , 5, , 2
2019/8/28, 13, , 9, , 2
2019/8/29, 10, , 4, 2, 2
2019/8/30, 17, , 11, 1, 3
2019/8/31, 23, , 13, , 2
2019/9/1, 25, , 11, 1, 3
2019/9/2, 27, , 7, , 4
2019/9/3, 22, , 3, 2, 2
2019/9/4, 21, , 9, 2, 2
2019/9/5, 17, , 9, , 2
2019/9/6, 10, , 6, 1, 2
2019/9/7, 20, , 10, 1, 2
2019/9/8, 28, , 6, 2, 3
2019/9/9, 12, , 2, 2, 2
2019/9/10, 10, , 5, , 2
2019/9/11, 9, , 8, , 2
2019/9/12, 4, , 6, , 2
2019/9/13, 12, , 8, 1, 2
2019/9/14, 14, , 8, 5, 2
2019/9/15, 16, , 12, 1, 3
2019/9/16, 24, , 9, , 2
2019/9/17, 15, , 8, 3, 2
2019/9/18, 16, , 11, 1, 2
2019/9/19, 26, , 16, 1, 4
2019/9/20, 16, , 10, , 2
2019/9/21, 8, , 8, 2, 2
2019/9/22, 16, , 10, 1, 3
2019/9/23, 16, , 10, , 2
2019/9/24, 9, , 7, 1, 1
2019/9/25, 9, , 9, 1, 1
2019/9/26, 8, , 7, 1, 1
2019/9/27, 9, , 8, 1, 2
2019/9/28, 13, , 6, 1, 2
2019/9/29, 14, , 10, 2, 2
2019/9/30, 14, , 9, 1, 1
2019/10/1, 13, , 12, , 2
2019/4/2, 23, , 12, 1, 3
2019/4/3, 19, , 13, 1, 3
2019/4/4, 33, , 11, 3, 3
2019/4/5, 37, , 10, 1, 3
2019/4/6, 32, , 10, , 3
2019/4/7, 37, , 10, , 4
2019/4/8, 26, , 10, , 3
2019/4/9, 16, , 13, , 3
2019/4/10, 19, , 12, 1, 4
2019/4/11, 26, , 11, , 4
2019/4/12, 25, , 15, 4, 4
2019/4/13, 42, , 13, 1, 4
2019/4/14, 26, , 10, , 4
2019/4/15, 16, , 8, , 3
2019/4/16, 13, , 13, 2, 4
2019/4/17, 18, , 10, , 4
2019/4/18, 18, , 15, 1, 4
2019/4/19, 18, , 4, 1, 3
2019/4/20, 7, , 6, , 3
2019/4/21, 12, , 13, 1, 4
2019/4/22, 15, , 11, , 4
2019/4/23, 17, , 9, , 4
2019/4/24, 9, , 6, , 3
2019/4/25, 9, , 7, , 4
2019/4/26, 15, , 9, 2, 4
2019/4/27, 15, , 6, 3, 4
2019/4/28, 9, , 13, 2, 4
2019/4/29, 16, , 10, , 3
2019/4/30, 9, , 6, 1, 2
2019/5/1, 17, , 9, 1, 2
2019/5/2, 13, , 13, 4, 2
2019/5/3, 38, , 9, , 2
2019/5/4, 14, , 6, , 2
2019/5/5, 9, , 10, , 2
2019/5/6, 19, , 9, 1, 2
2019/5/7, 31, , 11, 4, 2
2019/5/8, 23, , 12, 4, 3
2019/5/9, 23, , 11, 2, 3
2019/5/10, 19, , 7, 1, 2
2019/5/11, 13, , 9, , 2
2019/5/12, 20, , 4, , 2
2019/5/13, 16, , 7, 3, 2
2019/5/14, 18, , 11, 1, 2
2019/5/15, 23, , 8, 2, 3
2019/5/16, 21, , 10, 1, 3
2019/5/17, 17, , 6, , 2
2019/5/18, 13, , 6, , 3
2019/5/19, 18, , 4, 1, 2
2019/5/20, 16, , 3, 1, 2
2019/5/21, 13, , 8, 1, 3
2019/5/22, 20, , 12, , 3
2019/5/23, 28, , 14, , 3
2019/5/24, 36, , 11, 1, 3
2019/5/25, 44, , 8, 1, 3
2019/5/26, 45, , 10, 6, 5
2019/5/27, 60, , 8, 1, 4
2019/5/28, 49, , 12, 1, 3
2019/5/29, 53, , 11, 2, 3
2019/5/30, 62, , 17, 1, 17
2019/5/31, 239, , 10, 1, 4
2019/6/1, 98, , 8, 2, 4
2019/6/2, 124, , 6, 1, 3
2019/6/3, 43, , 7, 1, 2
2019/6/4, 39, , 7, 3, 2
2019/6/5, 15, , 8, 1, 2
2019/6/6, 26, , 9, , 2
2019/6/7, 19, , 5, , 2
2019/6/8, 16, , 6, , 2
2019/6/9, 29, , 5, , 2
2019/6/10, 21, , 7, 1, 2
2019/6/11, 20, , 7, , 2
2019/6/12, 17, , 5, 1, 2
2019/6/13, 17, , 6, 1, 2
2019/6/14, 51, , 7, 1, 2
2019/6/15, 23, , 5, 1, 2
2019/6/16, 21, , 8, 9, 2
2019/6/17, 32, , 7, 1, 2
2019/6/18, 26, , 6, , 2
2019/6/19, 24, , 8, 3, 2
2019/6/20, 19, , 6, 4, 2
2019/6/21, 23, , 4, 1, 4
2019/6/22, 61, , 3, 1, 3
2019/6/23, 28, , 4, 1, 3
2019/6/24, 29, , 5, , 2
2019/6/25, 24, , 6, 1, 3
2019/6/26, 34, , 11, 1, 3
2019/6/27, 35, , 12, 3, 3
2019/6/28, 46, , 6, 1, 3
2019/1/3, 13, , 23, , 2
2019/1/4, 12, , 19, 2, 1
2019/1/5, 30, , 13, 1, 1
2019/1/6, 32, , 12, , 1
2019/1/7, 27, , 13, 1, 1
2019/1/8, 12, , 24, 1, 2
2019/1/9, 32, , 20, 2, 1
2019/1/10, 15, , 33, , 3
2019/1/11, 45, , 25, 1, 2
2019/1/12, 50, , 40, 2, 8
2019/1/13, 64, , 34, 1, 5
2019/1/14, 75, , 27, 1, 2
2019/1/15, 47, , 20, 2, 1
2019/1/16, 29, , 18, 2, 1
2019/1/17, 41, , 20, 3, 1
2019/1/18, 13, , 17, 1, 1
2019/1/19, 11, , 13, 1, 1
2019/1/20, 18, , 23, 1, 2
2019/1/21, 32, , 23, 1, 2
2019/1/22, 25, , 28, , 2
2019/1/23, 23, , 16, , 2
2019/1/24, 15, , 23, , 2
2019/1/25, 22, , 16, , 1
2019/1/26, 15, , 12, 1, 1
2019/1/27, 17, , 5, , 1
2019/1/28, 8, , 15, 3, 1
2019/1/29, 12, , 19, 1, 2
2019/1/30, 24, , 27, , 3
2019/1/31, 41, , 14, 2, 2
2019/2/1, 25, , 12, 2, 2
2019/2/2, 10, , 13, 2, 2
2019/2/3, 13, , 14, 1, 2
2019/2/4, 13, , 25, 1, 3
2019/2/5, 38, , 32, 1, 4
2019/2/6, 55, , 27, 1, 4
2019/2/7, 54, , 30, 1, 5
2019/2/8, 56, , 20, 1, 3
2019/2/9, 33, , 26, 2, 4
2019/2/10, 31, , 18, 1, 3
2019/2/11, 24, , 24, 1, 3
2019/2/12, 41, , 33, 1, 5
2019/2/13, 49, , 36, 1, 6
2019/2/14, 67, , 40, 2, 7
2019/2/15, 93, , 28, 6, 5
2019/2/16, 56, , 16, 2, 3
2019/2/17, 26, , 18, 1, 4
2019/2/18, 20, , 27, 1, 5
2019/2/19, 45, , 25, 1, 4
2019/2/20, 37, , 20, 1, 3
2019/2/21, 15, , 23, , 4
2019/2/22, 14, , 30, 2, 5
2019/2/23, 58, , 11, 1, 3
2019/2/24, 8, , 18, 2, 4
2019/2/25, 17, , 36, 1, 7
2019/2/26, 53, , 26, 1, 5
2019/2/27, 37, , 20, , 4
2019/2/28, 14, , 15, 1, 4
2019/3/1, 9, , 14, 1, 4
2019/3/2, 15, , 19, , 4
2019/3/3, 17, , 21, 1, 5
2019/3/4, 16, , 28, , 5
2019/3/5, 18, , 23, , 5
2019/3/6, 14, , 24, 1, 6
2019/3/7, 28, , 21, 2, 5
2019/3/8, 33, , 20, 1, 5
2019/3/9, 36, , 25, 1, 5
2019/3/10, 27, , 28, 1, 6
2019/3/11, 48, , 30, 1, 7
2019/3/12, 39, , 16, 1, 5
2019/3/13, 18, , 16, 1, 5
2019/3/14, 15, , 21, 2, 4
2019/3/15, 20, , 17, , 2
2019/3/16, 21, , 21, 1, 2
2019/3/17, 24, , 16, 1, 2
2019/3/18, 20, , 19, 1, 2
2019/3/19, 22, , 18, 1, 3
2019/3/20, 22, , 32, 5, 4
2019/3/21, 56, , 33, 1, 7
2019/3/22, 72, , 24, 1, 4
2019/3/23, 77, , 22, 8, 4
2019/3/24, 90, , 10, , 3
2019/3/25, 34, , 12, , 3
2019/3/26, 36, , 19, 4, 4
2019/3/27, 69, , 11, , 3
2019/3/28, 14, , 14, 1, 3
2019/3/29, 35, , 22, 1, 3
2019/3/30, 34, , 10, , 3
2019/3/31, 23, , 9, , 3
2019/4/1, 24, , 11, , 3
2018/10/2, 31, , 11, 4, 1
2018/10/3, 24, , 11, , 2
2018/10/4, 22, , 14, , 2
2018/10/5, 36, , 18, 1, 2
2018/10/6, 48, , 13, 3, 2
2018/10/7, 35, , 9, 3, 2
2018/10/8, 42, , 9, 1, 2
2018/10/9, 18, , 14, , 2
2018/10/10, 20, , 11, , 2
2018/10/11, 27, , 14, , 2
2018/10/12, 39, , 12, , 2
2018/10/13, 28, , 9, , 2
2018/10/14, 17, , 15, 1, 2
2018/10/15, 26, , 15, , 2
2018/10/16, 33, , 19, 1, 3
2018/10/17, 30, , 22, 4, 3
2018/10/18, 29, , 16, , 3
2018/10/19, 25, , 17, , 3
2018/10/20, 26, , 11, , 2
2018/10/21, 25, , 9, , 2
2018/10/22, 17, , 19, 1, 3
2018/10/23, 32, , 14, 1, 3
2018/10/24, 32, , 23, 1, 5
2018/10/25, 45, , 24, 1, 4
2018/10/26, 37, , 18, 1, 3
2018/10/27, 22, , 12, , 2
2018/10/28, 19, , 14, , 2
2018/10/29, 21, , 12, , 2
2018/10/30, 24, , 17, 1, 3
2018/10/31, 14, , 25, , 4
2018/11/1, 26, , 10, 1, 2
2018/11/2, 23, , 12, 1, 3
2018/11/3, 22, , 16, , 4
2018/11/4, 41, , 9, , 3
2018/11/5, 30, , 8, , 2
2018/11/6, 11, , 10, , 2
2018/11/7, 18, , 18, , 3
2018/11/8, 35, , 22, 1, 3
2018/11/9, 37, , 19, 1, 3
2018/11/10, 41, , 10, , 3
2018/11/11, 33, , , , 
2018/11/14, 27, , 22, , 4
2018/11/15, 33, , 12, 2, 3
2018/11/16, 31, , 16, 1, 2
2018/11/17, 21, , 20, , 3
2018/11/18, 28, , 12, 3, 2
2018/11/19, 26, , 16, , 3
2018/11/20, 34, , 25, , 5
2018/11/21, 25, , 30, , 5
2018/11/22, 44, , 30, , 5
2018/11/23, 35, , 14, 2, 3
2018/11/24, 48, , 11, , 3
2018/11/25, 26, , 19, , 4
2018/11/26, 48, , 14, 1, 3
2018/11/27, 39, , 14, 2, 3
2018/11/28, 40, , 23, 1, 5
2018/11/29, 46, , 23, , 4
2018/11/30, 19, , 24, 1, 4
2018/12/1, 35, , 13, 1, 3
2018/12/2, 53, , 12, 1, 3
2018/12/3, 22, , 20, 1, 3
2018/12/4, 19, , 25, 1, 3
2018/12/5, 23, , 20, , 4
2018/12/6, 13, , 28, , 4
2018/12/7, 30, , 37, , 6
2018/12/8, 53, , 32, , 5
2018/12/9, 35, , 33, , 5
2018/12/10, 31, , 28, 1, 5
2018/12/11, 34, , 32, , 5
2018/12/12, 33, , 17, , 4
2018/12/13, 23, , 22, 1, 4
2018/12/14, 8, , 26, 1, 5
2018/12/15, 22, , 12, 1, 3
2018/12/16, 12, , 15, , 4
2018/12/17, 13, , 29, 1, 4
2018/12/18, 35, , 33, 1, 3
2018/12/19, 31, , 21, 1, 1
2018/12/20, 22, , 19, , 1
2018/12/21, 13, , 9, , 1
2018/12/22, 22, , 16, , 2
2018/12/23, 18, , 21, 2, 1
2018/12/24, 29, , 20, 1, 1
2018/12/25, 41, , 19, , 1
2018/12/26, 59, , 18, 3, 1
2018/12/27, 39, , 23, 1, 2
2018/12/28, 54, , 27, , 1
2018/12/29, 29, , 18, 2, 1
2018/12/30, 38, , 12, 1, 1
2018/12/31, 19, , , , 
2018/7/2, 17, , 2, , 2
2018/7/3, 11, , 8, , 2
2018/7/4, 25, , 5, , 2
2018/7/5, 19, , 8, , 2
2018/7/6, 21, , 7, , 2
2018/7/7, 26, , 5, , 2
2018/7/8, 19, , 3, , 2
2018/7/9, 16, , 8, , 2
2018/7/10, 23, , 9, , 2
2018/7/11, 31, , 6, , 2
2018/7/12, 21, , 7, , 2
2018/7/13, 19, , 8, , 2
2018/7/14, 42, , 4, , 2
2018/7/15, 14, , 4, , 2
2018/7/16, 19, , 7, , 2
2018/7/17, 22, , 16, , 3
2018/7/18, 51, , 8, , 2
2018/7/19, 65, , 7, , 2
2018/7/20, 49, , 8, , 2
2018/7/21, 36, , 6, , 2
2018/7/22, 7, , 2, , 2
2018/7/23, 13, , 7, , 2
2018/7/24, 14, , 5, , 2
2018/7/25, 30, , 11, , 3
2018/7/26, 43, , 9, , 2
2018/7/27, 37, , 8, , 3
2018/7/28, 42, , 7, , 3
2018/7/29, 48, , 5, , 3
2018/7/30, 57, , 5, , 3
2018/7/31, 52, , 6, , 3
2018/8/1, 41, , 7, , 3
2018/8/2, 48, , 7, , 2
2018/8/3, 28, , 6, , 3
2018/8/4, 57, , 5, , 3
2018/8/5, 49, , 5, , 3
2018/8/6, 37, , 6, , 3
2018/8/7, 44, , 9, , 3
2018/8/8, 62, , 14, , 5
2018/8/9, 147, , 15, , 5
2018/8/10, 127, , 11, , 7
2018/8/11, 146, , 4, , 4
2018/8/12, 103, , 4, , 2
2018/8/13, 45, , 8, 2, 2
2018/8/14, 30, , 9, 1, 4
2018/8/15, 96, , 13, 1, 9
2018/8/16, 181, , 12, 1, 7
2018/8/17, 158, , 13, 1, 9
2018/8/18, 173, , 7, 1, 8
2018/8/19, 166, , 8, 1, 4
2018/8/20, 91, , 12, 2, 3
2018/8/21, 83, , 13, 3, 4
2018/8/22, 77, , 16, 2, 5
2018/8/23, 109, , 14, 5, 7
2018/8/24, 148, , 4, , 2
2018/8/25, 25, , 10, 2, 6
2018/8/26, 89, , , , 
2018/8/28, 30, , 10, 1, 3
2018/8/29, 44, , 11, 1, 3
2018/8/30, 51, , 6, , 2
2018/8/31, 27, , 9, 2, 3
2018/9/1, 43, , 6, , 2
2018/9/2, 45, , 8, 1, 2
2018/9/3, 57, , 6, 1, 2
2018/9/4, 36, , 9, 1, 1
2018/9/5, 19, , 11, 6, 2
2018/9/6, 29, , 10, 4, 2
2018/9/7, 33, , 13, , 3
2018/9/8, 39, , 16, 1, 4
2018/9/9, 49, , 4, , 2
2018/9/10, 16, , 8, , 2
2018/9/11, 20, , 9, 2, 2
2018/9/12, 19, , 8, , 1
2018/9/13, 15, , 8, , 1
2018/9/14, 16, , 11, 1, 1
2018/9/15, 23, , 9, , 1
2018/9/16, 14, , 6, 1, 1
2018/9/17, 13, , 9, 1, 1
2018/9/18, 19, , 10, , 2
2018/9/19, 20, , 15, 2, 2
2018/9/20, 22, , 11, 2, 3
2018/9/21, 29, , 12, 1, 2
2018/9/22, 16, , 9, 1, 
2018/9/23, 12, , 8, 1, 2
2018/9/24, 16, , 10, , 2
2018/9/25, 15, , 14, , 2
2018/9/26, 19, , 9, , 2
2018/9/27, 18, , 10, , 2
2018/9/28, 22, , 14, 1, 2
2018/9/29, 19, , 9, , 1
2018/4/2, 29, , 28, , 4
2018/4/3, 25, , 24, , 3
2018/4/4, 35, , 18, , 3
2018/4/5, 29, , 12, , 2
2018/4/6, 14, , 16, , 3
2018/4/7, 22, , 12, , 
2018/4/8, 17, , 11, , 
2018/4/9, 22, , 22, , 3
2018/4/10, 52, , 22, , 4
2018/4/11, 54, , 16, , 3
2018/4/12, 36, , 14, , 2
2018/4/13, 29, , 13, , 2
2018/4/14, 39, , 11, , 2
2018/4/15, 27, , 16, , 2
2018/4/16, 36, , 13, , 2
2018/4/17, 33, , 11, , 2
2018/4/18, 32, , 12, , 2
2018/4/19, 20, , 17, , 3
2018/4/20, 40, , , , 
2018/4/25, 19, , 8, , 2
2018/4/26, 22, , 8, , 2
2018/4/27, 17, , 8, , 3
2018/4/28, 22, , 8, , 3
2018/4/29, 29, , 2, , 3
2018/4/30, 17, , 11, , 3
2018/5/1, 20, , 6, , 
2018/5/2, 18, , 11, , 3
2018/5/3, 21, , 9, , 3
2018/5/4, 21, , 10, , 3
2018/5/5, 20, , 6, , 4
2018/5/6, 12, , 7, , 3
2018/5/7, 23, , 12, , 3
2018/5/8, 25, , 7, , 3
2018/5/9, 21, , 8, , 3
2018/5/10, 12, , 13, , 4
2018/5/11, 18, , 10, , 4
2018/5/12, 34, , 5, , 3
2018/5/13, 21, , 3, , 3
2018/5/14, 21, , 11, , 4
2018/5/15, 34, , 9, , 3
2018/5/16, 41, , 8, , 4
2018/5/17, 48, , 7, , 3
2018/5/18, 36, , 7, , 2
2018/5/19, 27, , 5, , 2
2018/5/20, 18, , 3, , 2
2018/5/21, 17, , 4, , 2
2018/5/22, 19, , 13, , 3
2018/5/23, 39, , 10, , 2
2018/5/24, 38, , 11, , 2
2018/5/25, 56, , 8, , 2
2018/5/26, 60, , 4, , 2
2018/5/28, 38, , 7, , 2
2018/5/29, 25, , 6, , 2
2018/5/30, 13, , 7, , 2
2018/5/31, 28, , 8, , 2
2018/6/1, 21, , 9, , 2
2018/6/2, 15, , 5, , 2
2018/6/3, 20, , 9, , 2
2018/6/4, 19, , 7, , 2
2018/6/5, 23, , 7, , 2
2018/6/6, 15, , 12, , 2
2018/6/7, 19, , 11, , 2
2018/6/8, 32, , 10, , 2
2018/6/9, 36, , 9, , 3
2018/6/10, 39, , 4, , 2
2018/6/11, 22, , 2, , 2
2018/6/12, 25, , 4, , 2
2018/6/13, 17, , 10, , 3
2018/6/14, 19, , 6, , 3
2018/6/15, 19, , 10, , 2
2018/6/16, 29, , 5, , 2
2018/6/17, 19, , 7, , 2
2018/6/18, 19, , 10, , 2
2018/6/19, 23, , 12, , 3
2018/6/20, 33, , 10, , 2
2018/6/21, 27, , 9, , 2
2018/6/22, 35, , 9, , 3
2018/6/23, 53, , 5, , 3
2018/6/24, 35, , 5, , 3
2018/6/25, 35, , 6, , 3
2018/6/26, 31, , 7, , 2
2018/6/27, 15, , 6, , 2
2018/6/28, 14, , 5, , 2
2018/6/29, 16, , 7, , 2
2018/6/30, 18, , 6, , 2
2018/7/1, 20, , 3, , 2
2018/1/2, 37, , 25, , 2
2018/1/3, 17, , 25, , 2
2018/1/4, 26, , 29, , 5
2018/1/5, 45, , 25, , 3
2018/1/6, 71, , 21, , 3
2018/1/7, 39, , 19, , 3
2018/1/8, 20, , 28, , 3
2018/1/9, 48, , 9, , 1
2018/1/10, 18, , 14, , 1
2018/1/11, 13, , , , 
2018/1/18, 16, , 29, , 5
2018/1/19, 13, , 15, , 3
2018/1/20, 10, , 29, , 5
2018/1/21, 50, , 17, , 4
2018/1/22, 46, , 24, , 6
2018/1/23, 57, , 26, , 5
2018/1/24, 36, , 18, , 4
2018/1/25, 48, , 15, , 4
2018/1/26, 44, , 13, , 3
2018/1/27, 18, , 21, , 4
2018/1/28, 31, , 19, , 4
2018/1/29, 34, , 15, , 3
2018/1/30, 29, , 14, , 4
2018/1/31, 33, , 21, , 4
2018/2/1, 18, , 20, , 4
2018/2/2, 32, , 20, , 4
2018/2/3, 21, , 15, , 4
2018/2/4, 13, , 24, , 5
2018/2/5, 29, , 28, , 5
2018/2/6, 27, , 28, , 5
2018/2/7, 23, , 36, , 6
2018/2/8, 48, , 21, , 4
2018/2/9, 18, , 23, , 5
2018/2/10, 26, , 13, , 4
2018/2/11, 16, , 15, , 5
2018/2/12, 26, , 35, , 7
2018/2/13, 36, , 27, , 6
2018/2/14, 19, , 17, , 3
2018/2/15, 11, , 25, , 3
2018/2/16, 21, , 18, , 2
2018/2/17, 13, , 13, , 2
2018/2/18, 12, , 17, , 2
2018/2/19, 11, , 13, , 2
2018/2/20, 13, , 22, , 3
2018/2/21, 16, , 28, , 3
2018/2/22, 24, , 22, , 3
2018/2/23, 16, , 28, , 4
2018/2/24, 28, , 14, , 3
2018/2/25, 15, , 16, , 3
2018/2/26, 10, , 23, , 4
2018/2/27, 19, , 18, , 3
2018/2/28, 11, , 19, , 3
2018/3/1, 11, , 20, , 3
2018/3/2, 23, , 18, , 3
2018/3/3, 15, , 13, , 3
2018/3/4, 23, , 17, , 4
2018/3/5, 21, , 34, , 5
2018/3/6, 49, , 25, , 4
2018/3/7, 31, , 42, , 7
2018/3/8, 65, , 28, , 5
2018/3/9, 52, , 22, , 5
2018/3/10, 58, , 19, , 4
2018/3/11, 28, , 21, , 5
2018/3/12, 56, , 29, , 5
2018/3/13, 81, , 35, , 6
2018/3/14, 111, , 23, , 4
2018/3/15, 58, , 21, , 4
2018/3/16, 54, , 22, , 5
2018/3/17, 53, , 33, , 6
2018/3/18, 95, , 12, , 4
2018/3/19, 41, , 21, , 5
2018/3/20, 48, , 21, , 5
2018/3/21, 38, , 19, , 5
2018/3/22, 36, , 14, , 2
2018/3/23, 49, , 13, , 3
2018/3/24, 27, , 11, , 2
2018/3/25, 29, , 16, , 2
2018/3/26, 50, , 17, , 2
2018/3/27, 30, , 14, , 3
2018/3/28, 30, , 13, , 3
2018/3/29, 18, , 13, , 2
2018/3/30, 16, , 12, , 2
2018/3/31, 24, , 15, , 2
2018/4/1, 16, , 22, , 3
2017/10/2, 16, , 6, , 
2017/10/3, 11, , 18, , 3
2017/10/4, 19, , 22, , 3
2017/10/5, 28, , 19, , 3
2017/10/6, 40, , 20, , 3
2017/10/7, 33, , 5, , 2
2017/10/8, 12, , 6, , 2
2017/10/9, 9, , 11, , 2
2017/10/10, 13, , 18, , 3
2017/10/11, 20, , 7, , 2
2017/10/12, 14, , 11, , 2
2017/10/13, 11, , 22, , 4
2017/10/14, 34, , 14, , 2
2017/10/15, 31, , 11, , 2
2017/10/16, 13, , 16, , 2
2017/10/17, 15, , 15, , 2
2017/10/18, 16, , 12, , 2
2017/10/19, 15, , 22, , 4
2017/10/20, 20, , 15, , 3
2017/10/21, 20, , 14, , 2
2017/10/22, 21, , 10, , 2
2017/10/23, 14, , 14, , 2
2017/10/24, 13, , 12, , 2
2017/10/25, 17, , 13, , 2
2017/10/26, 11, , 15, , 3
2017/10/27, 15, , 22, , 5
2017/10/28, 29, , 8, , 2
2017/10/29, 18, , 5, , 2
2017/10/30, 7, , 20, , 3
2017/10/31, 19, , 17, , 3
2017/11/1, 25, , 8, , 3
2017/11/2, 12, , 10, , 2
2017/11/3, 11, , 17, , 3
2017/11/4, 19, , 26, , 4
2017/11/5, 36, , 16, , 3
2017/11/6, 32, , 20, , 4
2017/11/7, 19, , 19, , 3
2017/11/8, 26, , 29, , 5
2017/11/9, 47, , 22, , 4
2017/11/10, 55, , 24, , 5
2017/11/11, 71, , 31, , 7
2017/11/12, 81, , 17, , 4
2017/11/13, 75, , 17, , 4
2017/11/14, 71, , 16, , 4
2017/11/15, 31, , 18, , 4
2017/11/16, 32, , 17, , 4
2017/11/17, 43, , 21, , 5
2017/11/18, 27, , 33, , 9
2017/11/19, 53, , 27, , 6
2017/11/20, 38, , 14, , 4
2017/11/21, 21, , 22, , 5
2017/11/22, 22, , , , 
2017/11/25, 22, , 21, , 3
2017/11/26, 26, , 12, , 2
2017/11/27, 46, , 13, , 2
2017/11/28, 23, , 28, , 4
2017/11/29, 24, , 20, , 4
2017/11/30, 18, , 25, , 5
2017/12/1, 23, , 32, , 5
2017/12/2, 38, , 26, , 4
2017/12/3, 35, , 19, , 3
2017/12/4, 29, , , , 
2017/12/6, 12, , 23, , 3
2017/12/7, 24, , 21, , 3
2017/12/8, 29, , 19, , 2
2017/12/9, 26, , 14, , 2
2017/12/10, 20, , 13, , 3
2017/12/11, 21, , 26, , 4
2017/12/12, 28, , 19, , 4
2017/12/13, 28, , 15, , 3
2017/12/14, 18, , 21, , 4
2017/12/15, 36, , 16, , 3
2017/12/16, 19, , 14, , 3
2017/12/17, 20, , 12, , 3
2017/12/18, 11, , 15, , 4
2017/12/19, 11, , 19, , 3
2017/12/20, 16, , 23, , 4
2017/12/21, 34, , 14, , 3
2017/12/22, 18, , 11, , 3
2017/12/23, 13, , 10, , 3
2017/12/24, 16, , 12, , 3
2017/12/25, 10, , 18, , 2
2017/12/26, 23, , 26, , 1
2017/12/27, 21, , 20, , 1
2017/12/28, 33, , 15, , 1
2017/12/29, 11, , 28, , 2
2017/12/30, 26, , 23, , 1
2017/12/31, 24, , 20, , 2
2018/1/1, 24, , 26, , 2
2017/7/2, 35, , 4, , 3
2017/7/3, 27, , 3, , 2
2017/7/4, 20, , 8, , 2
2017/7/5, 21, , 9, , 2
2017/7/6, 26, , 11, , 3
2017/7/7, 38, , 10, , 3
2017/7/8, 41, , 5, , 3
2017/7/9, 62, , 6, , 3
2017/7/10, 54, , 5, , 3
2017/7/11, 57, , 7, , 3
2017/7/12, 44, , 9, , 3
2017/7/13, 40, , 12, , 3
2017/7/14, 65, , 9, , 3
2017/7/15, 36, , 5, , 4
2017/7/16, 52, , 5, , 4
2017/7/17, 89, , 3, , 2
2017/7/18, 11, , 9, , 2
2017/7/19, 27, , 12, , 4
2017/7/20, 76, , 15, , 5
2017/7/21, 124, , 8, , 4
2017/7/22, 54, , 7, , 3
2017/7/23, 46, , 5, , 2
2017/7/24, 37, , 4, , 2
2017/7/25, 15, , 8, , 3
2017/7/26, 31, , 10, , 2
2017/7/27, 33, , 11, , 3
2017/7/28, 58, , 8, , 3
2017/7/29, 52, , 8, , 4
2017/7/30, 45, , 3, , 3
2017/7/31, 51, , 11, , 2
2017/8/1, 32, , 12, , 3
2017/8/2, 29, , 9, , 3
2017/8/3, 28, , 9, , 2
2017/8/4, 39, , 6, , 2
2017/8/5, 34, , 8, , 3
2017/8/6, 30, , 7, , 3
2017/8/7, 41, , 6, , 3
2017/8/8, 45, , 9, , 3
2017/8/9, 34, , 8, , 2
2017/8/10, 37, , 12, , 2
2017/8/11, 40, , 13, , 3
2017/8/12, 35, , 4, , 3
2017/8/13, 25, , 4, , 5
2017/8/14, 49, , 6, , 7
2017/8/15, 97, , 7, , 2
2017/8/16, 30, , 10, , 4
2017/8/17, 79, , 9, , 3
2017/8/18, 70, , 11, , 4
2017/8/19, 99, , 4, , 1
2017/8/20, 14, , 4, , 2
2017/8/21, 17, , 7, , 3
2017/8/22, 35, , 8, , 3
2017/8/23, 34, , 7, , 2
2017/8/24, 34, , 9, , 2
2017/8/25, 34, , 7, , 3
2017/8/26, 24, , 9, , 2
2017/8/27, 25, , 9, , 2
2017/8/28, 38, , 8, , 2
2017/8/29, 28, , 12, , 2
2017/8/30, 27, , 11, , 3
2017/8/31, 36, , 10, , 3
2017/9/1, 64, , 9, , 3
2017/9/2, 49, , 9, , 4
2017/9/3, 58, , 4, , 2
2017/9/4, 24, , 8, , 2
2017/9/5, 24, , 11, , 2
2017/9/6, 29, , , , 
2017/9/11, 14, , 12, , 2
2017/9/12, 17, , 11, , 2
2017/9/13, 15, , 9, , 2
2017/9/14, 21, , 12, , 2
2017/9/15, 19, , 16, , 3
2017/9/16, 35, , 7, , 3
2017/9/17, 17, , 6, , 2
2017/9/18, 35, , 11, , 3
2017/9/19, 43, , 7, , 2
2017/9/20, 12, , 8, , 2
2017/9/21, 17, , 7, , 2
2017/9/22, 10, , 11, , 3
2017/9/23, 23, , 8, , 3
2017/9/24, 21, , 10, , 2
2017/9/25, 21, , 12, , 3
2017/9/26, 18, , 13, , 3
2017/9/27, 20, , 15, , 3
2017/9/28, 24, , 12, , 2
2017/9/29, 31, , 17, , 4
2017/9/30, 39, , 13, , 3
2017/10/1, 31, , 4, , 2
2017/4/2, 28, , 10, , 4
2017/4/3, 9, , 9, , 4
2017/4/4, 11, , 16, , 5
2017/4/5, 23, , 15, , 5
2017/4/6, 25, , 15, , 4
2017/4/7, 21, , 10, , 4
2017/4/8, 15, , 6, , 4
2017/4/9, 15, , 9, , 5
2017/4/10, 19, , 14, , 5
2017/4/11, 24, , 11, , 5
2017/4/12, 27, , 15, , 5
2017/4/13, 29, , 15, , 5
2017/4/14, 22, , 8, , 5
2017/4/15, 8, , 6, , 
2017/4/16, 10, , 10, , 
2017/4/17, 18, , 15, , 5
2017/4/18, 22, , 15, , 5
2017/4/19, 32, , 13, , 5
2017/4/20, 40, , 14, , 6
2017/4/21, 37, , 10, , 5
2017/4/22, 37, , 12, , 5
2017/4/23, 29, , 11, , 5
2017/4/24, 15, , 14, , 6
2017/4/25, 20, , 11, , 3
2017/4/26, 14, , 15, , 3
2017/4/27, 20, , 13, , 3
2017/4/28, 29, , 17, , 3
2017/4/29, 40, , 11, , 2
2017/4/30, 25, , 9, , 2
2017/5/1, 24, , 6, , 2
2017/5/2, 11, , 8, , 2
2017/5/3, 17, , 14, , 2
2017/5/4, 20, , 13, , 3
2017/5/5, 25, , 12, , 3
2017/5/6, 23, , 4, , 2
2017/5/7, 24, , 4, , 2
2017/5/8, 20, , 12, , 2
2017/5/9, 19, , 8, , 3
2017/5/10, 23, , 14, , 3
2017/5/11, 39, , 12, , 3
2017/5/12, 39, , 7, , 
2017/5/13, 39, , 6, , 3
2017/5/14, 31, , 4, , 3
2017/5/15, 11, , 8, , 3
2017/5/16, 21, , 10, , 3
2017/5/17, 31, , 8, , 2
2017/5/18, 18, , 8, , 2
2017/5/19, 19, , 11, , 3
2017/5/20, 28, , 7, , 2
2017/5/21, 23, , 9, , 3
2017/5/22, 42, , 5, , 2
2017/5/23, 29, , 10, , 3
2017/5/24, 39, , 5, , 2
2017/5/25, 28, , 7, , 2
2017/5/26, 18, , 8, , 2
2017/5/27, 25, , 8, , 3
2017/5/28, 36, , 5, , 2
2017/5/29, 23, , 11, , 2
2017/5/30, 27, , 5, , 2
2017/5/31, 30, , 8, , 3
2017/6/1, 41, , 10, , 3
2017/6/2, 40, , 8, , 3
2017/6/3, 28, , 6, , 3
2017/6/4, 28, , 5, , 3
2017/6/5, 34, , 6, , 3
2017/6/6, 21, , 11, , 3
2017/6/7, 23, , 7, , 3
2017/6/8, 24, , 9, , 3
2017/6/9, 29, , 9, , 3
2017/6/10, 24, , 4, , 3
2017/6/11, 19, , 5, , 3
2017/6/12, 22, , 9, , 4
2017/6/13, 27, , 12, , 3
2017/6/14, 30, , 13, , 4
2017/6/15, 36, , 5, , 3
2017/6/16, 22, , 7, , 3
2017/6/17, 30, , 5, , 3
2017/6/18, 18, , 6, , 3
2017/6/19, 27, , 9, , 3
2017/6/20, 22, , 6, , 2
2017/6/21, 25, , 4, , 1
2017/6/22, 13, , 5, , 1
2017/6/23, 15, , 7, , 2
2017/6/24, 22, , 8, , 2
2017/6/25, 26, , 5, , 2
2017/6/26, 30, , 7, , 3
2017/6/27, 34, , 6, , 2
2017/6/28, 19, , 6, , 2
2017/6/29, 13, , 9, , 2
2017/6/30, 26, , 6, , 2
2017/7/1, 31, , 6, , 3
2017/1/3, 43, , 23, , 5
2017/1/4, 43, , 22, , 5
2017/1/5, 34, , 19, , 4
2017/1/6, 36, , 21, , 4
2017/1/7, 25, , 15, , 5
2017/1/8, 30, , 15, , 5
2017/1/9, 31, , 22, , 5
2017/1/10, 47, , 21, , 5
2017/1/11, 23, , 14, , 4
2017/1/12, 11, , 31, , 7
2017/1/13, 38, , 30, , 7
2017/1/14, 45, , 27, , 6
2017/1/15, 36, , 17, , 6
2017/1/16, 35, , 30, , 7
2017/1/17, 50, , 28, , 6
2017/1/18, 52, , 26, , 3
2017/1/19, 49, , 28, , 4
2017/1/20, 66, , 28, , 4
2017/1/21, 101, , 24, , 4
2017/1/22, 76, , 10, , 2
2017/1/23, 61, , 20, , 3
2017/1/24, 104, , 24, , 5
2017/1/25, 91, , 33, , 6
2017/1/26, 92, , 23, , 3
2017/1/27, 58, , 16, , 3
2017/1/28, 94, , 15, , 3
2017/1/29, 89, , 19, , 3
2017/1/30, 94, , 7, , 3
2017/1/31, 67, , 16, , 
2017/2/1, 26, , 17, , 3
2017/2/2, 34, , 27, , 3
2017/2/3, 102, , 18, , 2
2017/2/4, 49, , 16, , 2
2017/2/5, 33, , 20, , 3
2017/2/6, 40, , 25, , 4
2017/2/7, 63, , 24, , 4
2017/2/8, 52, , 28, , 4
2017/2/9, 53, , 35, , 6
2017/2/10, 105, , 26, , 5
2017/2/11, 74, , 15, , 3
2017/2/14, 70, , 23, , 4
2017/2/15, 79, , 22, , 4
2017/2/16, 99, , 25, , 6
2017/2/17, 47, , 14, , 4
2017/2/18, 32, , 22, , 7
2017/2/19, 42, , 11, , 4
2017/2/20, 35, , 13, , 4
2017/2/21, 41, , 14, , 4
2017/2/22, 59, , 13, , 4
2017/2/23, 41, , 17, , 4
2017/2/24, 36, , 14, , 2
2017/2/25, 33, , 13, , 
2017/2/26, 38, , 10, , 
2017/2/27, 19, , 24, , 2
2017/2/28, 34, , 32, , 1
2017/3/1, 55, , 19, , 2
2017/3/4, 11, , 9, , 2
2017/3/5, 16, , 16, , 2
2017/3/6, 35, , 16, , 2
2017/3/7, 20, , 17, , 2
2017/3/8, 15, , 16, , 2
2017/3/9, 18, , 30, , 4
2017/3/10, 36, , 23, , 3
2017/3/11, 19, , 16, , 2
2017/3/12, 19, , 14, , 3
2017/3/13, 18, , 18, , 3
2017/3/14, 34, , 33, , 5
2017/3/15, 67, , 26, , 4
2017/3/16, 46, , 28, , 4
2017/3/17, 29, , 22, , 4
2017/3/18, 39, , 13, , 3
2017/3/19, 21, , 7, , 3
2017/3/20, 11, , 12, , 3
2017/3/21, 18, , 15, , 3
2017/3/22, 21, , 16, , 4
2017/3/23, 29, , 20, , 4
2017/3/24, 55, , 17, , 4
2017/3/25, 48, , 16, , 4
2017/3/26, 53, , 16, , 4
2017/3/27, 35, , 13, , 4
2017/3/28, 33, , 19, , 5
2017/3/29, 44, , 21, , 6
2017/3/30, 60, , 14, , 5
2017/3/31, 50, , 16, , 5
2017/4/1, 43, , 19, , 5
2016/10/2, 21, , 7, , 3
2016/10/3, 20, , 19, , 3
2016/10/4, 45, , 15, , 3
2016/10/5, 35, , 7, , 2
2016/10/6, 18, , 13, , 2
2016/10/7, 24, , 17, , 2
2016/10/8, 26, , 8, , 2
2016/10/9, 14, , 7, , 2
2016/10/10, 10, , , , 
2016/10/12, 28, , 18, , 3
2016/10/13, 30, , 18, , 3
2016/10/14, 40, , 14, , 3
2016/10/15, 29, , 12, , 3
2016/10/16, 33, , 7, , 
2016/10/17, 25, , 10, , 3
2016/10/18, 23, , 12, , 3
2016/10/19, 23, , 16, , 4
2016/10/20, 42, , 19, , 5
2016/10/21, 39, , 18, , 4
2016/10/22, 23, , 11, , 3
2016/10/23, 13, , 22, , 5
2016/10/24, 31, , 14, , 4
2016/10/25, 27, , 13, , 5
2016/10/26, 34, , 11, , 5
2016/10/27, 35, , 10, , 4
2016/10/28, 46, , 10, , 3
2016/10/29, 58, , 10, , 2
2016/10/30, 27, , 11, , 2
2016/10/31, 41, , 13, , 3
2016/11/1, 43, , 13, , 2
2016/11/2, 32, , 13, , 3
2016/11/3, 51, , 15, , 3
2016/11/4, 35, , 22, , 4
2016/11/5, 32, , 23, , 5
2016/11/6, 42, , 15, , 2
2016/11/7, 22, , 17, , 4
2016/11/8, 33, , 22, , 4
2016/11/9, 30, , 17, , 3
2016/11/10, 21, , 15, , 3
2016/11/11, 23, , 8, , 3
2016/11/12, 19, , 16, , 3
2016/11/13, 31, , 13, , 3
2016/11/14, 32, , 17, , 3
2016/11/15, 19, , 25, , 4
2016/11/16, 31, , 17, , 3
2016/11/17, 32, , 12, , 3
2016/11/18, 22, , 18, , 3
2016/11/19, 46, , 15, , 3
2016/11/20, 38, , 10, , 3
2016/11/21, 47, , 10, , 3
2016/11/22, 46, , 11, , 4
2016/11/23, 47, , 12, , 3
2016/11/24, 48, , 20, , 3
2016/11/25, 45, , 19, , 3
2016/11/26, 25, , 19, , 3
2016/11/27, 39, , 11, , 2
2016/11/28, 48, , 17, , 4
2016/11/29, 50, , 18, , 3
2016/11/30, 55, , 14, , 2
2016/12/1, 45, , 18, , 4
2016/12/2, 65, , 19, , 4
2016/12/3, 54, , 16, , 3
2016/12/4, 25, , 8, , 2
2016/12/5, 14, , 9, , 3
2016/12/6, 16, , 11, , 2
2016/12/7, 17, , 15, , 2
2016/12/8, 16, , 26, , 4
2016/12/9, 46, , 19, , 3
2016/12/10, 24, , 19, , 3
2016/12/11, 29, , 10, , 3
2016/12/12, 28, , 12, , 2
2016/12/13, 14, , 16, , 3
2016/12/14, 17, , 28, , 3
2016/12/15, 41, , 24, , 3
2016/12/16, 27, , 27, , 5
2016/12/17, 53, , 31, , 5
2016/12/18, 52, , 13, , 2
2016/12/19, 11, , 16, , 2
2016/12/20, 15, , 29, , 4
2016/12/21, 34, , 20, , 3
2016/12/22, 28, , 30, , 6
2016/12/23, 40, , 17, , 3
2016/12/24, 37, , 15, , 
2016/12/25, 23, , 17, , 4
2016/12/26, 24, , 27, , 4
2016/12/27, 56, , 22, , 4
2016/12/28, 29, , 15, , 4
2016/12/29, 16, , 25, , 4
2016/12/30, 20, , 17, , 4
2016/12/31, 34, , 10, , 3
2017/1/1, 18, , 14, , 4
2017/1/2, 17, , 29, , 5
2016/7/2, 30, , 7, , 2
2016/7/3, 38, , 5, , 2
2016/7/4, 20, , 8, , 
2016/7/5, 18, , 8, , 2
2016/7/6, 18, , 13, , 2
2016/7/7, 40, , 10, , 2
2016/7/8, 40, , 14, , 2
2016/7/9, 42, , 14, , 2
2016/7/10, 43, , 8, , 2
2016/7/11, 25, , 8, , 2
2016/7/12, 30, , 7, , 2
2016/7/13, 29, , 6, , 2
2016/7/14, 28, , 11, , 2
2016/7/15, 38, , 13, , 3
2016/7/16, 38, , 11, , 2
2016/7/17, 42, , 5, , 2
2016/7/18, 49, , 7, , 2
2016/7/19, 38, , 10, , 2
2016/7/20, 39, , 10, , 3
2016/7/21, 33, , 7, , 2
2016/7/22, 20, , 9, , 2
2016/7/23, 26, , 6, , 2
2016/7/24, 20, , 7, , 2
2016/7/25, 25, , 8, , 1
2016/7/26, 18, , 8, , 2
2016/7/27, 28, , 16, , 3
2016/7/28, 40, , 12, , 2
2016/7/29, 33, , 10, , 2
2016/7/30, 32, , 8, , 2
2016/7/31, 22, , 5, , 
2016/8/1, 14, , 4, , 
2016/8/2, 17, , 8, , 3
2016/8/3, 26, , 10, , 2
2016/8/4, 30, , 11, , 2
2016/8/5, 24, , 10, , 3
2016/8/6, 31, , 11, , 2
2016/8/7, 25, , 6, , 2
2016/8/8, 18, , 12, , 3
2016/8/9, 28, , 14, , 2
2016/8/10, 38, , 11, , 2
2016/8/11, 42, , 8, , 2
2016/8/12, 21, , 9, , 2
2016/8/13, 21, , 11, , 2
2016/8/14, 33, , 7, , 2
2016/8/15, 23, , 9, , 2
2016/8/16, 28, , 11, , 2
2016/8/17, 36, , 9, , 2
2016/8/18, 26, , 8, , 
2016/8/19, 20, , 11, , 2
2016/8/20, 23, , 12, , 3
2016/8/21, 37, , 6, , 2
2016/8/22, 21, , 9, , 2
2016/8/23, 19, , 7, , 3
2016/8/24, 16, , 12, , 2
2016/8/25, 22, , 8, , 2
2016/8/26, 24, , 9, , 2
2016/8/27, 28, , 8, , 2
2016/8/28, 22, , 3, , 1
2016/8/29, 11, , 12, , 2
2016/8/30, 19, , 15, , 2
2016/8/31, 27, , 14, , 3
2016/9/1, 38, , 12, , 3
2016/9/2, 35, , 8, , 2
2016/9/3, 17, , 3, , 
2016/9/4, 11, , 4, , 
2016/9/5, 13, , 5, , 
2016/9/6, 19, , 9, , 3
2016/9/7, 23, , 11, , 3
2016/9/8, 23, , 10, , 2
2016/9/9, 19, , 9, , 2
2016/9/10, 13, , 6, , 2
2016/9/11, 8, , 3, , 1
2016/9/12, 7, , 12, , 2
2016/9/13, 7, , 11, , 2
2016/9/14, 6, , 11, , 2
2016/9/15, 6, , 16, , 3
2016/9/17, 14, , 9, , 1
2016/9/18, 22, , 5, , 2
2016/9/19, 13, , 11, , 2
2016/9/20, 16, , 15, , 2
2016/9/21, 23, , 14, , 2
2016/9/22, 26, , 13, , 2
2016/9/23, 31, , 8, , 2
2016/9/24, 24, , 10, , 2
2016/9/25, 22, , 9, , 2
2016/9/26, 18, , 16, , 3
2016/9/27, 29, , 14, , 2
2016/9/28, 29, , 17, , 3
2016/9/29, 32, , 17, , 3
2016/9/30, 32, , 14, , 3
2016/10/1, 36, , 8, , 2
2016/4/2, 35, , 8, , 3
2016/4/3, 31, , 5, , 4
2016/4/4, 13, , 12, , 4
2016/4/5, 26, , 10, , 3
2016/4/6, 23, , 6, , 3
2016/4/7, 18, , 15, , 3
2016/4/8, 27, , 13, , 3
2016/4/9, 32, , 3, , 3
2016/4/10, 19, , 9, , 3
2016/4/11, 22, , 11, , 3
2016/4/12, 27, , 12, , 4
2016/4/16, 18, , 8, , 4
2016/4/17, 17, , 9, , 4
2016/4/18, 18, , 10, , 3
2016/4/19, 13, , 13, , 4
2016/4/20, 30, , 10, , 3
2016/4/21, 14, , 11, , 4
2016/4/22, 21, , 14, , 4
2016/4/23, 22, , 9, , 4
2016/4/24, 14, , 8, , 4
2016/4/25, 9, , 10, , 5
2016/4/26, 28, , 12, , 5
2016/4/27, 32, , 12, , 5
2016/4/28, 29, , 9, , 3
2016/4/29, 20, , 6, , 2
2016/4/30, 34, , 9, , 2
2016/5/1, 25, , 7, , 2
2016/5/2, 26, , 15, , 2
2016/5/3, 42, , 10, , 2
2016/5/4, 40, , 10, , 2
2016/5/5, 48, , 6, , 2
2016/5/6, 34, , 16, , 3
2016/5/7, 8, , 13, , 3
2016/5/12, 58, , 11, , 3
2016/5/13, 81, , 13, , 3
2016/5/14, 56, , 15, , 3
2016/5/15, 66, , 9, , 3
2016/5/16, 61, , 7, , 2
2016/5/17, 61, , 8, , 2
2016/5/18, 39, , 20, , 3
2016/5/19, 62, , 9, , 5
2016/5/20, 80, , 5, , 3
2016/5/21, 35, , 3, , 3
2016/5/22, 12, , 3, , 3
2016/5/23, 9, , 5, , 3
2016/5/24, 16, , 8, , 3
2016/5/25, 18, , 8, , 3
2016/5/26, 28, , 17, , 3
2016/5/27, 62, , 10, , 2
2016/5/28, 40, , 6, , 2
2016/5/29, 23, , 7, , 2
2016/5/30, 26, , 8, , 2
2016/5/31, 14, , 8, , 2
2016/6/1, 16, , 8, , 2
2016/6/2, 22, , 16, , 3
2016/6/3, 35, , 8, , 2
2016/6/4, 21, , 8, , 2
2016/6/5, 35, , 11, , 2
2016/6/6, 43, , 8, , 2
2016/6/7, 46, , 15, , 2
2016/6/8, 57, , 15, , 3
2016/6/9, 51, , 7, , 2
2016/6/10, 32, , 9, , 2
2016/6/11, 26, , 7, , 2
2016/6/12, 16, , 5, , 2
2016/6/13, 14, , 7, , 2
2016/6/14, 20, , 9, , 2
2016/6/15, 23, , 6, , 2
2016/6/16, 13, , 7, , 2
2016/6/17, 19, , 5, , 3
2016/6/18, 17, , 7, , 2
2016/6/19, 15, , 6, , 2
2016/6/20, 23, , 13, , 2
2016/6/21, 34, , 18, , 3
2016/6/22, 34, , 11, , 2
2016/6/23, 35, , 12, , 2
2016/6/24, 30, , 9, , 2
2016/6/25, 25, , 7, , 
2016/6/26, 25, , 6, , 2
2016/6/27, 20, , 10, , 3
2016/6/28, 35, , 13, , 3
2016/6/29, 38, , 19, , 3
2016/6/30, 49, , 10, , 2
2016/7/1, 33, , 8, , 2
2016/1/5, 52, , 34, , 8
2016/1/6, 85, , 24, , 5
2016/1/7, 87, , 18, , 2
2016/1/8, 34, , 20, , 3
2016/1/9, 44, , 24, , 4
2016/1/10, 69, , 25, , 4
2016/1/11, 32, , 20, , 3
2016/1/12, 27, , 24, , 4
2016/1/13, 48, , 36, , 5
2016/1/14, 65, , 18, , 3
2016/1/15, 52, , 20, , 4
2016/1/16, 46, , 18, , 3
2016/1/17, 33, , 18, , 3
2016/1/18, 26, , 26, , 6
2016/1/19, 55, , 30, , 6
2016/1/20, 73, , 25, , 5
2016/1/21, 77, , 25, , 5
2016/1/22, 75, , 32, , 6
2016/1/23, 115, , 23, , 7
2016/1/24, 88, , 24, , 5
2016/1/25, 50, , 29, , 6
2016/1/26, 41, , 28, , 6
2016/1/27, 32, , 22, , 4
2016/1/28, 22, , 24, , 5
2016/1/29, 33, , 17, , 4
2016/1/30, 23, , 22, , 5
2016/1/31, 34, , 19, , 4
2016/2/1, 25, , 22, , 5
2016/2/2, 35, , 19, , 5
2016/2/3, 39, , 27, , 6
2016/2/4, 47, , 27, , 6
2016/2/5, 73, , 30, , 6
2016/2/6, 52, , 8, , 4
2016/2/7, 14, , 11, , 4
2016/2/8, 14, , 27, , 6
2016/2/9, 37, , 24, , 6
2016/2/10, 36, , 23, , 5
2016/2/11, 31, , 23, , 6
2016/2/12, 43, , 15, , 5
2016/2/13, 39, , 16, , 6
2016/2/14, 42, , 19, , 6
2016/2/15, 29, , 11, , 5
2016/2/16, 11, , 19, , 6
2016/2/17, 30, , 26, , 7
2016/2/18, 42, , 18, , 3
2016/2/19, 38, , 16, , 2
2016/2/20, 24, , 17, , 2
2016/2/21, 42, , 17, , 2
2016/2/22, 23, , 21, , 3
2016/2/23, 31, , 14, , 2
2016/2/24, 18, , 26, , 4
2016/2/25, 42, , 21, , 3
2016/2/26, 42, , 29, , 7
2016/2/27, 49, , 19, , 6
2016/2/28, 31, , 12, , 2
2016/2/29, 21, , 19, , 3
2016/3/1, 24, , 22, , 4
2016/3/2, 37, , 23, , 3
2016/3/3, 51, , 14, , 4
2016/3/4, 46, , 17, , 4
2016/3/5, 57, , 24, , 5
2016/3/6, 53, , 20, , 4
2016/3/7, 59, , 17, , 4
2016/3/8, 55, , 16, , 4
2016/3/9, 66, , 21, , 4
2016/3/10, 54, , 18, , 4
2016/3/11, 40, , 17, , 4
2016/3/12, 30, , 15, , 4
2016/3/13, 29, , 10, , 4
2016/3/14, 21, , 15, , 4
2016/3/15, 31, , 18, , 3
2016/3/16, 31, , 16, , 2
2016/3/17, 27, , 14, , 2
2016/3/18, 20, , 20, , 4
2016/3/19, 36, , 11, , 3
2016/3/20, 29, , 16, , 3
2016/3/21, 29, , 22, , 3
2016/3/22, 44, , 17, , 3
2016/3/23, 25, , 22, , 4
2016/3/24, 52, , 24, , 3
2016/3/25, 60, , 11, , 3
2016/3/27, 22, , 8, , 3
2016/3/28, 20, , 13, , 3
2016/3/29, 31, , 17, , 3
2016/3/30, 26, , 10, , 3
2016/3/31, 18, , 13, , 3
2016/4/1, 19, , 16, , 3
2015/10/2, 40, , 12, , 3
2015/10/3, 32, , 3, , 
2015/10/4, 7, , , , 
2015/10/6, 18, , 17, , 4
2015/10/7, 29, , 23, , 5
2015/10/8, 51, , 21, , 5
2015/10/9, 39, , 19, , 5
2015/10/10, 32, , 10, , 4
2015/10/11, 19, , 8, , 3
2015/10/12, 15, , 13, , 4
2015/10/13, 13, , 12, , 3
2015/10/14, 13, , 12, , 2
2015/10/15, 18, , 19, , 3
2015/10/16, 23, , 17, , 3
2015/10/17, 30, , 11, , 3
2015/10/18, 30, , 13, , 3
2015/10/19, 24, , 22, , 4
2015/10/20, 30, , 13, , 3
2015/10/21, 18, , 22, , 5
2015/10/22, 34, , 18, , 3
2015/10/23, 66, , 19, , 3
2015/10/24, 51, , 18, , 3
2015/10/25, 20, , 16, , 3
2015/10/26, 20, , 14, , 3
2015/10/27, 16, , 14, , 3
2015/10/28, 11, , 21, , 4
2015/10/29, 18, , 18, , 4
2015/10/30, 23, , 20, , 4
2015/10/31, 21, , 15, , 3
2015/11/1, 20, , 12, , 3
2015/11/2, 23, , 14, , 3
2015/11/3, 23, , 15, , 4
2015/11/4, 36, , 20, , 5
2015/11/5, 57, , 17, , 4
2015/11/6, 32, , 18, , 5
2015/11/7, 36, , 25, , 6
2015/11/8, 44, , 18, , 4
2015/11/9, 35, , 17, , 3
2015/11/10, 25, , 17, , 4
2015/11/11, 49, , 16, , 2
2015/11/12, 20, , 17, , 4
2015/11/13, 20, , 20, , 3
2015/11/14, 21, , 24, , 4
2015/11/15, 27, , 15, , 3
2015/11/16, 40, , 14, , 3
2015/11/17, 18, , 22, , 4
2015/11/18, 22, , 15, , 3
2015/11/19, 18, , 23, , 4
2015/11/20, 25, , 21, , 3
2015/11/21, 34, , 17, , 4
2015/11/22, 20, , 15, , 4
2015/11/23, 23, , 26, , 4
2015/11/24, 34, , 15, , 4
2015/11/25, 18, , 30, , 5
2015/11/26, 44, , 34, , 6
2015/11/27, 61, , 26, , 5
2015/11/28, 45, , 25, , 5
2015/11/29, 33, , 25, , 5
2015/11/30, 37, , 35, , 7
2015/12/1, 27, , 38, , 7
2015/12/2, 5, , 24, , 5
2015/12/3, 27, , 33, , 8
2015/12/4, 39, , 33, , 8
2015/12/5, 43, , 22, , 5
2015/12/6, 25, , 27, , 7
2015/12/7, 44, , 28, , 7
2015/12/8, 34, , 25, , 6
2015/12/9, 34, , 27, , 6
2015/12/10, 48, , 24, , 4
2015/12/11, 47, , 18, , 3
2015/12/12, 34, , 12, , 2
2015/12/13, 35, , 15, , 3
2015/12/14, 27, , 18, , 4
2015/12/15, 47, , 27, , 5
2015/12/16, 47, , 25, , 4
2015/12/17, 20, , 21, , 3
2015/12/18, 28, , 18, , 4
2015/12/19, 28, , 16, , 3
2015/12/20, 46, , 28, , 7
2015/12/21, 63, , 38, , 9
2015/12/22, 65, , 39, , 11
2015/12/23, 76, , 22, , 6
2015/12/24, 68, , 17, , 4
2015/12/25, 57, , 19, , 5
2015/12/26, 53, , 17, , 5
2015/12/27, 48, , 20, , 6
2015/12/28, 68, , 27, , 8
2015/12/29, 97, , 29, , 6
2015/12/30, 60, , 26, , 5
2015/12/31, 31, , , , 
2016/1/4, 63, , 30, , 6
2015/7/2, 73, , 10, , 3
2015/7/3, 47, , 9, , 2
2015/7/4, 36, , 10, , 28
2015/7/5, 71, , 2, , 55
2015/7/6, 26, , 9, , 67
2015/7/7, 34, , 7, , 72
2015/7/8, 36, , 9, , 55
2015/7/9, 64, , 15, , 4
2015/7/10, 59, , 16, , 5
2015/7/11, 109, , 11, , 13
2015/7/14, 31, , 7, , 2
2015/7/15, 21, , 8, , 2
2015/7/16, 30, , 4, , 1
2015/7/17, 17, , 5, , 2
2015/7/18, 31, , 6, , 2
2015/7/19, 25, , 3, , 1
2015/7/20, 17, , 9, , 2
2015/7/21, 33, , 7, , 2
2015/7/22, 29, , 9, , 3
2015/7/23, 30, , 5, , 2
2015/7/24, 25, , 7, , 3
2015/7/25, 24, , 9, , 
2015/7/26, 18, , 5, , 1
2015/7/27, 11, , 6, , 1
2015/7/28, 16, , 9, , 1
2015/7/29, 17, , 9, , 1
2015/7/30, 12, , 8, , 2
2015/7/31, 17, , 13, , 2
2015/8/1, 32, , 10, , 2
2015/8/2, 27, , 5, , 2
2015/8/3, 23, , 5, , 1
2015/8/4, 22, , 7, , 2
2015/8/5, 21, , 9, , 2
2015/8/6, 175, , 15, , 3
2015/8/7, 169, , 7, , 1
2015/8/8, 12, , 9, , 2
2015/8/9, 22, , 9, , 2
2015/8/10, 27, , 12, , 2
2015/8/11, 29, , 13, , 3
2015/8/12, 43, , 15, , 2
2015/8/13, 39, , 19, , 3
2015/8/14, 58, , 11, , 2
2015/8/15, 20, , 6, , 
2015/8/16, 6, , 7, , 
2015/8/17, 9, , 14, , 3
2015/8/18, 21, , 10, , 2
2015/8/19, 20, , 9, , 2
2015/8/20, 23, , 10, , 2
2015/8/21, 20, , 8, , 1
2015/8/22, 14, , 7, , 1
2015/8/23, 12, , 9, , 2
2015/8/24, 23, , 16, , 2
2015/8/25, 33, , 20, , 2
2015/8/26, 49, , 18, , 2
2015/8/27, 55, , 15, , 4
2015/8/28, 67, , 17, , 4
2015/8/29, 93, , 11, , 3
2015/8/30, 51, , 9, , 3
2015/8/31, 45, , 14, , 2
2015/9/1, 26, , 13, , 1
2015/9/2, 24, , 14, , 2
2015/9/3, 26, , 11, , 2
2015/9/4, 17, , 9, , 1
2015/9/5, 14, , 9, , 2
2015/9/6, 25, , 5, , 1
2015/9/7, 14, , 8, , 2
2015/9/8, 18, , 15, , 3
2015/9/9, 24, , 14, , 3
2015/9/10, 28, , 11, , 3
2015/9/11, 18, , 10, , 3
2015/9/12, 21, , 9, , 3
2015/9/13, 27, , 6, , 
2015/9/14, 17, , 11, , 2
2015/9/15, 16, , 16, , 2
2015/9/16, 21, , 11, , 3
2015/9/17, 19, , 15, , 4
2015/9/18, 29, , 15, , 3
2015/9/19, 29, , 12, , 3
2015/9/20, 19, , 9, , 2
2015/9/21, 17, , 9, , 3
2015/9/22, 17, , 19, , 3
2015/9/23, 29, , 15, , 4
2015/9/24, 30, , 15, , 4
2015/9/25, 40, , 15, , 3
2015/9/26, 18, , 10, , 2
2015/9/27, 15, , 6, , 2
2015/9/28, 13, , 15, , 3
2015/9/29, 22, , 18, , 4
2015/9/30, 28, , 20, , 5
2015/10/1, 39, , 18, , 4
2015/4/2, 9, , 14, , 3
2015/4/3, 17, , 12, , 3
2015/4/4, 22, , 12, , 3
2015/4/5, 27, , 17, , 4
2015/4/6, 31, , 10, , 3
2015/4/7, 29, , 18, , 3
2015/4/8, 73, , 16, , 4
2015/4/9, 54, , 17, , 4
2015/4/10, 64, , 16, , 4
2015/4/11, 52, , 13, , 4
2015/4/12, 37, , 6, , 3
2015/4/13, 19, , 11, , 4
2015/4/14, 23, , 15, , 3
2015/4/15, 31, , 10, , 2
2015/4/16, 22, , 13, , 2
2015/4/17, 35, , 15, , 3
2015/4/18, 29, , 5, , 2
2015/4/19, 12, , 16, , 3
2015/4/20, 22, , 18, , 3
2015/4/21, 37, , 14, , 3
2015/4/22, 36, , 13, , 3
2015/4/23, 42, , 6, , 2
2015/4/24, 12, , 15, , 3
2015/4/25, 33, , 9, , 4
2015/4/26, 20, , 11, , 3
2015/4/27, 28, , 13, , 3
2015/4/28, 32, , 17, , 5
2015/4/29, 38, , 9, , 3
2015/4/30, 22, , 9, , 3
2015/5/1, 21, , 16, , 4
2015/5/2, 25, , 6, , 3
2015/5/3, 16, , 7, , 3
2015/5/4, 19, , 14, , 4
2015/5/5, 32, , 11, , 3
2015/5/6, 39, , 7, , 3
2015/5/7, 13, , 16, , 4
2015/5/8, 41, , 17, , 5
2015/5/9, 84, , 9, , 4
2015/5/10, 33, , 9, , 4
2015/5/11, 22, , 11, , 4
2015/5/12, 29, , 15, , 4
2015/5/13, 37, , 12, , 4
2015/5/14, 44, , 11, , 4
2015/5/15, 37, , 11, , 4
2015/5/16, 42, , 8, , 4
2015/5/17, 31, , 8, , 4
2015/5/18, 20, , 9, , 4
2015/5/19, 19, , 11, , 4
2015/5/20, 27, , 11, , 4
2015/5/21, 30, , 10, , 4
2015/5/22, 35, , 17, , 5
2015/5/23, 46, , 22, , 6
2015/5/24, 63, , 8, , 5
2015/5/25, 54, , 13, , 5
2015/5/26, 52, , 16, , 5
2015/5/27, 63, , 12, , 5
2015/5/28, 59, , 7, , 4
2015/5/29, 36, , 10, , 2
2015/5/30, 28, , 7, , 2
2015/5/31, 22, , 6, , 
2015/6/1, 32, , 10, , 2
2015/6/2, 32, , 15, , 2
2015/6/3, 30, , , , 
2015/6/6, 35, , 11, , 2
2015/6/7, 36, , 10, , 
2015/6/8, 21, , 7, , 2
2015/6/9, 25, , 14, , 2
2015/6/10, 88, , 13, , 3
2015/6/11, 106, , 15, , 3
2015/6/12, 40, , 8, , 2
2015/6/13, 15, , 5, , 1
2015/6/23, 24, , 9, , 2
2015/6/25, 37, , 10, , 2
2015/6/26, 39, , 9, , 2
2015/6/27, 38, , 9, , 2
2015/6/28, 38, , 7, , 2
2015/6/29, 102, , 14, , 3
2015/6/30, 43, , 12, , 3
2015/7/1, 79, , 7, , 3
2015/1/2, 10, , 21, , 5
2015/1/3, 20, , 20, , 4
2015/1/4, 19, , 27, , 6
2015/1/5, 29, , 34, , 6
2015/1/6, 50, , 32, , 6
2015/1/7, 53, , 21, , 6
2015/1/8, 34, , 23, , 6
2015/1/9, 14, , 36, , 8
2015/1/10, 52, , 30, , 6
2015/1/11, 50, , , , 
2015/2/7, 36, , 19, , 3
2015/2/8, 34, , 19, , 3
2015/2/9, 42, , 26, , 4
2015/2/10, 42, , 18, , 3
2015/2/11, 39, , 19, , 3
2015/2/12, 35, , 28, , 5
2015/2/13, 94, , 30, , 6
2015/2/14, 47, , 20, , 4
2015/2/15, 34, , 10, , 3
2015/2/16, 11, , 18, , 3
2015/2/17, 19, , 39, , 6
2015/2/18, 62, , 36, , 7
2015/2/19, 75, , 22, , 4
2015/2/20, 35, , 14, , 3
2015/2/21, 11, , 20, , 3
2015/2/22, 23, , 26, , 4
2015/2/23, 49, , 23, , 6
2015/2/24, 22, , 20, , 4
2015/2/25, 18, , 21, , 4
2015/2/26, 26, , 21, , 5
2015/2/27, 20, , 22, , 4
2015/2/28, 33, , 20, , 4
2015/3/1, 22, , 24, , 5
2015/3/2, 28, , 11, , 4
2015/3/3, 12, , 20, , 4
2015/3/4, 21, , 29, , 6
2015/3/5, 49, , 23, , 5
2015/3/6, 25, , 14, , 4
2015/3/7, 11, , 15, , 5
2015/3/8, 19, , 15, , 5
2015/3/9, 22, , 16, , 5
2015/3/10, 13, , 25, , 5
2015/3/11, 27, , 24, , 6
2015/3/12, 40, , 22, , 7
2015/3/13, 53, , 21, , 7
2015/3/14, 42, , 14, , 6
2015/3/15, 35, , 7, , 5
2015/3/16, 12, , 18, , 6
2015/3/17, 29, , 18, , 7
2015/3/18, 49, , 19, , 6
2015/3/19, 41, , 27, , 8
2015/3/20, 46, , 23, , 6
2015/3/21, 26, , 18, , 6
2015/3/22, 19, , 19, , 7
2015/3/23, 27, , 22, , 7
2015/3/24, 44, , 23, , 7
2015/3/25, 48, , 31, , 6
2015/3/26, 63, , 26, , 4
2015/3/27, 66, , 24, , 5
2015/3/28, 37, , 11, , 2
2015/3/29, 21, , 15, , 3
2015/3/30, 24, , 14, , 3
2015/3/31, 31, , 15, , 3
2015/4/1, 44, , 6, , 2
2014/10/2, 24, , 12, , 3
2014/10/3, 12, , 7, , 3
2014/10/4, 19, , 18, , 4
2014/10/5, 6, , 10, , 3
2014/10/6, 9, , 9, , 3
2014/10/7, 8, , 17, , 4
2014/10/8, 23, , 18, , 4
2014/10/9, 23, , 23, , 4
2014/10/10, 39, , 15, , 3
2014/10/11, 41, , 9, , 2
2014/10/12, 25, , 6, , 2
2014/10/13, 12, , , , 
2014/10/15, 30, , 27, , 4
2014/10/16, 37, , 18, , 3
2014/10/17, 35, , 11, , 3
2014/10/18, 27, , 16, , 3
2014/10/19, 37, , 16, , 2
2014/10/20, 163, , 23, , 3
2014/10/21, 108, , 25, , 3
2014/10/22, 29, , 20, , 3
2014/10/23, 36, , 19, , 2
2014/10/24, 34, , 13, , 1
2014/10/25, 18, , 19, , 1
2014/10/26, 23, , 10, , 
2014/10/27, 22, , 10, , 2
2014/10/28, 13, , 16, , 1
2014/10/29, 35, , 17, , 
2014/10/30, 54, , 9, , 
2014/10/31, 40, , 11, , 1
2014/11/1, 44, , 16, , 3
2014/11/2, 26, , 23, , 2
2014/11/3, 58, , 18, , 2
2014/11/4, 26, , 18, , 1
2014/11/5, 33, , 19, , 2
2014/11/6, 24, , 17, , 2
2014/11/7, 37, , 14, , 1
2014/11/8, 28, , 17, , 
2014/11/9, 19, , 18, , 
2014/11/10, 22, , 14, , 
2014/11/11, 25, , , , 
2014/11/13, 53, , 29, , 2
2014/11/14, 66, , 17, , 1
2014/11/15, 59, , , , 
2014/11/18, 57, , 16, , 1
2014/11/19, 30, , 25, , 3
2014/11/20, 54, , 28, , 7
2014/11/21, 76, , 23, , 2
2014/11/26, 31, , 23, , 5
2014/11/27, 60, , 19, , 2
2014/11/28, 48, , 18, , 3
2014/11/29, 37, , 21, , 3
2014/11/30, 25, , 26, , 3
2014/12/1, 22, , 38, , 5
2014/12/2, 42, , 30, , 4
2014/12/3, 38, , 26, , 4
2014/12/4, 39, , 34, , 5
2014/12/5, 51, , 32, , 5
2014/12/6, 62, , 24, , 4
2014/12/7, 59, , 25, , 5
2014/12/8, 63, , 28, , 5
2014/12/9, 59, , 36, , 6
2014/12/10, 37, , , , 
2014/12/13, 45, , 17, , 3
2014/12/14, 43, , , , 
2014/12/16, 53, , 14, , 3
2014/12/17, 22, , 18, , 4
2014/12/18, 33, , 26, , 6
2014/12/19, 70, , 27, , 6
2014/12/20, 61, , 26, , 6
2014/12/21, 42, , 19, , 4
2014/12/22, 45, , 27, , 4
2014/12/23, 20, , 28, , 5
2014/12/24, 25, , 14, , 3
2014/12/25, 13, , 16, , 3
2014/12/26, 27, , 22, , 5
2014/12/27, 27, , 22, , 5
2014/12/28, 52, , 14, , 3
2014/12/29, 29, , , , 
2014/8/9, 51, , 15, , 2
2014/8/10, 42, , 5, , 2
2014/8/11, 72, , 20, , 4
2014/8/13, 41, , 10, , 2
2014/8/16, 74, , 8, , 3
2014/8/17, 111, , 7, , 4
2014/8/18, 88, , 7, , 4
2014/8/19, 61, , 11, , 2
2014/8/20, 72, , 9, , 2
2014/8/21, 77, , 9, , 2
2014/8/22, 32, , 7, , 3
2014/8/23, 37, , 13, , 3
2014/8/24, 37, , 12, , 3
2014/8/25, 35, , 7, , 3
2014/8/26, 35, , 9, , 3
2014/8/27, 25, , 9, , 3
2014/8/28, 19, , 10, , 3
2014/8/29, 31, , 8, , 3
2014/8/30, 38, , 11, , 3
2014/8/31, 7, , 6, , 2
2014/9/1, 7, , 4, , 2
2014/9/2, 11, , 8, , 2
2014/9/3, 6, , 8, , 2
2014/9/4, 6, , 10, , 3
2014/9/5, 21, , 11, , 3
2014/9/6, 36, , 13, , 3
2014/9/7, 36, , 9, , 3
2014/9/8, 44, , 9, , 3
2014/9/9, 27, , 8, , 2
2014/9/10, 28, , 11, , 2
2014/9/11, 37, , 10, , 1
2014/9/12, 41, , 15, , 2
2014/9/13, 40, , 13, , 3
2014/9/14, 93, , 12, , 4
2014/9/16, 37, , 14, , 3
2014/9/17, 50, , 18, , 4
2014/9/18, 67, , 24, , 6
2014/9/19, 59, , 21, , 4
2014/9/20, 32, , 11, , 3
2014/9/21, 24, , 8, , 2
2014/9/22, 35, , 10, , 3
2014/9/23, 51, , 19, , 4
2014/9/24, 52, , 14, , 3
2014/9/25, 49, , 14, , 3
2014/9/26, 44, , 17, , 4
2014/9/27, 28, , 8, , 3
2014/9/28, 23, , 7, , 2
2014/9/29, 27, , 6, , 2
2014/9/30, 27, , 9, , 2
2014/10/1, 32, , 11, , 2
2022/9/9, , , 6, 1, 2
2020/4/1, , , 10, , 2
2020/1/1, , , 18, , 
2019/12/8, , , 15, 1, 3
2019/12/14, , , 19, 1, 3
2019/7/2, , , 3, , 2
2019/7/15, , , 5, 2, 3
2019/7/21, , , 4, , 4
2019/7/22, , , 5, , 3
2019/7/23, , , 4, 5, 3
2019/7/24, , , 10, 1, 3
2019/7/25, , , 6, , 3
2019/6/29, , , 8, 1, 3
2019/6/30, , , 2, 1, 3
2019/7/1, , , 3, , 2
2019/1/2, , , 18, 1, 1
2018/10/1, , , 11, 2, 1
2018/11/13, , , 27, , 5
2018/8/27, , , 8, , 2
2018/9/30, , , 8, 1, 1
2018/4/24, , , 12, , 3
2018/5/27, , , 5, , 2
2018/1/17, , , 25, , 4
2017/11/24, , , 20, , 3
2017/12/5, , , 12, , 3
2017/9/10, , , 6, , 2
2017/2/12, , , 14, , 3
2017/2/13, , , 19, , 5
2017/3/2, , , 25, , 3
2017/3/3, , , 20, , 3
2016/10/11, , , 16, , 3
2016/9/16, , , 14, , 3
2016/4/13, , , 15, , 4
2016/4/14, , , 17, , 4
2016/4/15, , , 11, , 4
2016/5/8, , , 3, , 2
2016/5/9, , , 5, , 2
2016/5/10, , , 13, , 2
2016/5/11, , , 16, , 3
2016/3/26, , , 11, , 3
2015/10/5, , , 15, , 3
2016/1/3, , , 32, , 7
2015/7/12, , , 7, , 8
2015/7/13, , , 11, , 5
2015/6/5, , , 10, , 2
2015/6/14, , , 4, , 1
2015/6/15, , , 10, , 2
2015/6/16, , , 12, , 2
2015/6/17, , , 8, , 1
2015/6/18, , , 10, , 2
2015/6/19, , , 19, , 2
2015/6/20, , , 5, , 
2015/6/21, , , 6, , 2
2015/6/22, , , 10, , 2
2015/6/24, , , 8, , 2
2015/1/1, , , 12, , 4
2015/2/2, , , 24, , 3
2015/2/3, , , 28, , 4
2015/2/4, , , 30, , 5
2015/2/5, , , 21, , 3
2015/2/6, , , 26, , 4
2014/10/14, , , 16, , 3
2014/11/12, , , 28, , 1
2014/11/17, , , 34, , 2
2014/11/22, , , 13, , 1
2014/11/23, , , 19, , 2
2014/11/24, , , 23, , 4
2014/11/25, , , 19, , 2
2014/12/12, , , 33, , 6
2014/12/15, , , 23, , 4
2014/7/29, , , 7, , 3
2014/8/14, , , 4, , 2